1;вконтакте не будет терроризма, если мы уберём картинки, аудио, видео, записи и сообщения
1;накрасилась и вперед покорять бухгалтеров не моего универа
1;итак, андрей окладников представляет уже четвертую книгу, которую когда-нибудь напишет
1;только настоящие фитоняши идут курить после йоги
1;что может быть лучше, чем пересмотреть классику в башкирской озвучке? да ничего
1;да неужели? а мы-то не знали! а мы-то не верили! а мы-то сомневались! а оно вот оно что!
1;разве не очевидно — виноват в мизерных пенсиях и вообще во всем путин и варвары с востока? 
1;счастье-то какое, новый год завтра! весь год этого наисчастливейшего момента ждала
1;как я рад, что наступила зима
1;а теперь она среди немногих, кто защищает конституцию, которая упразднила кс
1;не думаю, что обладатель 300 млн. долларов в швейцарии попытается сбежать
1;оно как! модные тенденции, однако
1;нет ничего прекраснее, чем работать ночью, особенно если ты в отпуске 
1;что может быть лучше утреннего похода в больницу?
1;уже в предвкушении постов о первом дне весны в инсте
1;чувствую свою абсолютную неинтересность и ненужность, здорово-то как
1;столько оказывается прекрасных спецов-мастеров-звукачей вокруг, что диву даёшься, что ж я 4 года в универе делал
1;обычно же родитель не несёт ответственность за своего ребёнка, ага
1;диктую по буквам: эм бэ у у бэ гэ бэ точка ру. прям сразу запоминается. какие молодцы разработчики
1;прекрасный вечер, ничего не скажешь, просто шик
1;34 автобус просто ванлав со своей пунктуальностью
1;обожаю работу в выходные в 10 утра. особенно когда в день перед этим работала до 11 вечера
1;прекрасно, когда идёт снег с дождём 
1;отличный день предстоит. просто топ начало
1;разнообразие моих дней достойно зависти
1;"газманов в ""смаке"" готовит равиоли с рикоттой и черноплодной рябиной. слышу, как во многих домах судорожно записывают рецепт"
1;круто лежать дома с высокой температурой, когда кто-то гуляет на улице
1;насладитесь этим восхитительным ибупрофеном
1;старый новый год? купил кукурузы и зеленого чайку. вуху! потусим! 
1;отлично... пойду обменяю все доллары на гривну и оформлю депозит на 5 лет пока есть такая уникальная возможность!
1;даже в этом обама преуспел. самый результативный и успешный презик ever
1;"о да, конечно же это россияне слили ""компромат"" на трампа. которые отмечали его победу, ага"
1;первый твит это так волнительно
1;"добро пожаловать в лучшее отделение мвд россии - ""дальний"". шампанского не желаете?"
1;обожаю такие утра
1;сбу хочет запретить ле пен въезд в украину. где же марин проводить отпуск как не в... львове?
1;новогоднее оформление шапки просто the best 
1;это очень хорошее решение совфеда, разрешить отправку срочников в сирию
1;какая прекрасная погода!
1;перечитав свои твиты, не могу перестать восхищаться своими писательскими талантами
1;также, как мы воюем против путина, ребята из игил воюют против мирового империализма. они никакие не террористы
1;вот она, взрослая жизнь самодостаточного человека
1;люблю математику
1;как же я замечательно провожу свой единственный выходной день 
1;песком обдать встречку и создать еще большую кашу на дороге - вот оно гениальное решение
1;безвиз же с 24 ноября, правда петр алексеевич?
1;пускай уж дагестан так и останется грязным. чтоб можно было выезжать и в других местах получать эстетическое удовольствие
1;@shadowdancerrr человек купил ноут за 1,5 к баксов, при установке хрома ошибка инсталлятора? виноват ноут, разумеется
1;о да!! это именно то, чего мы все так хотели и всего каких-то 300 $, за 450 оргазмических фоток с девайсами...
1;чувство, когда со школы ты бежишь на доп. занятия, а после них идёшь домой уставшая делать уроки до полуночи просто восхитительно!
1;о, счастье-то какое!
1;как же я обожаю ходить на внезапно навязанные спектакли на якутском языке
1;безудержное веселье на учебе
1;- просто идеал - ага, конечно
1;прекрасный выбор депутата. она точно знает, что нужно народу
1;конец выборов в сша. теперь вся россия кудах… говорит о выборах. урааааааааа
1;ожидаем создание американского федерального округа 
1;уххх, не могу дождаться встречи со своим любимым лицеем 410 и одноклассниками
1;порошенко виноват в том что я 15 лет назад построил дом, установил модный котёл на то время и теперь плачу за газ столько!!!
1;люблю свою работу просто жуть
1;для достижения народного единства осталось только уничтожить всех несогласных с этими ребятками
1;в единственный выходной - мотаться с самого утра по всему городу. обожаю
1;да, почему бы тебе не притворяться, конечно, надо же чтобы все тебя крутым считали. ага, это твоя цель жизни. да-да
1;сегодня был настолько продуктивный день в институте, что я удивляюсь
1;новости за пятницу - выходные прям зарядили позитивом и энергией 
1;да какие танцынатнт, люди. реклама же настолько крута, что только ее и стоит смотреть
1;всё радуюсь как вместо уродливых ларьков и книжного на электрозаводской построили парковку-красавицу, совершенно не уродующую район
1;"ну да, учить убивать людей это же так ""круто"""
1;а в чт снег. ееееее урааааа ваааау раадоостть
1;только снега нам не хватало
1;меня очччччень интересует механизьм выборов
1;ужас, помните я писал про фейк который взломали? (да конечно помните, все внимательно следят за моим твиттером и за тем что я тут пишу)
1;дисней в кои-то веки решил не крутить повтор первого сезона однажды в сказке по пятьсот раз и сразу показать второй? не может быть
1;надо из белого гелика вылезать в розовой норке и уггах, что б всем показать, что жизнь точно удалась
1;дельный совет
1;тут самый лучший горячий шоколад в мире
1;ой, ещё раз заплатим... жалко что ли
1;спасибо, сергей иваныч, пробок в ростове стало намного меньше. полчаса выезжаю из центра на западный по текучева
1;самая объективная подача новостей
1;но на деле я хотел сказать/ привет, @sweetiebecca. я очень рад тебе тут. так же сильно, как был рад @ruben_tucker
1;решил пройти fallout 4. лучшая система прокачки. лучшая система диалогов. спасибо тодд говард
1;да, за это стоит отдать 80 тысяч!
1;да я грибник от бога! за 2 часа собрала 10 грибов
1;ах да!!! результаты выборов совершенно неожиданны!!!
1;опаньки, сегодня воскресение, а значит, ещё 19 дней с гипсом! ура!
1;перед теткой потрашат живого мужика, а у нее никаких эмоций. отличная актерская игра
1;я лично считаю, что зеленского нужно расстрелять за подобное и добавить его в украинский ч.с. или посадить в тюрьму!
1;погода огонь ваще
1;2 курсовые, 3 экзамена, один бизнес-план и ещё что-то, чего я скорее всего забыла. не семестр, а огонь
1;я видела донцову! все! дальнейшая жизнь бессмысленна!
1;во всём виновата америка!
1;сегодня достиг высшей точки наслаждения, когда смотрел на девушку в школьной форме и зеленых найках
1;сейчас на улице нереально красиво, а я, вместо прогулки, топаю делать мой любимый немецкий
1;отряд омона арестовал парнишку за ловлю покемона в храме. а чё бы не сжечь этого еретика на центральной площади?!
1;тут все такие смешные шутки толкают
1;у данила то плохо это сломалось и это нужно помочь!!! а у меня блин все в порядке, мне не нужно помогать. действительно зачем
1;вот за что я люблю спорт, так это за то, что за 6 недель вес не уменьшился ни на граммульку
1;больше не к чему стремиться, всего добился
1;у попов должны быть свои покемоны, а соколовский их отобрал. я считаю, что за такое надо сажать
1;красавчик, ничего не скажешь
1;почта россии самая лучшая. люблю её
1;ну, супер же...
1;горжусь собой да
1;тень машины пересекла сплошную. как так можно!!! штраф!!!
1;сталин прийдет - порядок наведет!
1;опять доллар и евро дешевеют. да что ж такое, никакой стабильности! 
1;бла-бла-бла. верим в светлое будущее, не правда ли?
1;что нового в этом мире, ну если не брать в расчет имбециллизм окружающих и всех их соратников, то можно сказать, мороженое вкусное
1;я настолько вдохновилась вашими речами, что пора в уборную
1;только в мои выходные шпарит метель... о боже, какая же я удачливая 
1;прекрасная экология волги...
1;замечательная погода
1;конечно, михаил! именно на этой старухе и держится мое место, иначе никак!
1;в итоге сижу пью. идеальное, мать его, завершение дня, ничего не скажешь
1;уснула сегодня в 4:30 и проснулась в 8:25. отлично поспала 4,5 часа
1;у нас в офисе все пользуются айсикью ... этож удобно, потому что он есть у всех
1;не могу выбрать что делать. ловить покемонов или парить электронку
1;нам в 13 лет отдыхать положено!
1;как я скучала по самолетной еде
1;действительно, зачем показывать в прямом эфире финал в рапире с российской спортсменкой, если можно в записи гимнастику пустить
1;люблю не освещённые трассы
1;счастье это когда ты смог нормальнооо сделать селфи
1;хочу как в старые добрые времена, раба нигера, репрессии, смертные казни, дуэли и гонения заднепроходных. ах, идиллия
1;ох, я устал, аж целых 4 ретвита, я мать вашу популярен
1;а ещё ваш 7летний сын знает, что сша победило нацистскую германию
1;какая богатая биография! какое умное лицо! 
1;вагон завтракает курицей в фольге, лапшой ролтон и бутерами с колбасой. хоть где-то есть стабильность и традиции
1;вы ничего не понимаете, эти дырки - дизайнерское решение для отвода воды
1;прелесть житья не у метро: в полпервого ночи твой автобус приезжает на остановку, всех высаживает и сваливает домой, а ты остаёшься
1;на этой малышке хоть на край света
1;не занимаясь сексом с человеком невозможно узнать его внутренний мир
1;хочу в школу. люблю одноклассников. хочу домашку
1;ликсутов молодец
1;нужно быть идеальной даже в горах
1;всё, мне больше ничего не надо! я научилась делать воздушные шары! да я просто бог 3d max'а!
1;в лазаревском погода шик
1;ееее день в аэропортах
1;отдых в париже тоже прекрасен... аккордеон и круассаны. культура и доброжелательность горожан
1;как я люблю машины, которые по ночам едут с колонками, включенными на всю, с клубными песнями
1;лепс допелся — не пустили в лондон. сейчас тренд про нацистов что-нибудь доброе петь. отстал от трендов шоу-биза григорий
1;безудержное веселье на vkfest
1;а знаете что самое идеальное в жаркую погоду? - что? - это горячая шаурма на средном
1;правильно! нужно работать чиновником! другой работы не бывает
1;ну обалдеть как красиво, конечно
1;настроение как всегда на высшем уровне
1;8 июля - день семьи, любви и верности. отлично! отметим его сегодня на корпоративе с коллегами
1;засыпать в 8 утра любимое занятие. обалденно
1;путевой заполнила, служебку по списанию сделала, отчет по визиту представителя накатала. или как весело провести вечер после работы 
1;самое лучшее лето в моей жизни 
1;что может быть лучше чем июльским вечером учить анатомию
1;я:здравствуйте,я...*задеваю всё,что можно,всё разлетается по кабинету*...к вам на работу. победитель по жизни
1;я так мечтала провести месяц лета дома с растянутыми мышцами ноги
1;"родительская мораль не работает, если не звучит фраза: ""ну я же говорила тебе!"" - без этого воспитывать детей бессмысленно"
1;кто победитель? я победитель!
1;и действительно, а за что тут может быть стыдно?
1;ох уж это лето - тусовки до утра, каждый день новые приключения
1;будьте счастливы. горите в раю
1;техника дзюбы на высоте
1;батл что надо, просто вышка
1;еееееее, температура
1;почему бы ваще не оставить билетные киоски только за мкадом?? в центре то проездные билеты неудобно покупать
1;люблю когда читают мои сообщения и не отвечают на них!
1;"приятно за работу получить ""спасибо"", а не вот эти ваши деньги"
1;захватывающе
1;надо еще ужесточить лимит. должно помочь
1;ох уж эта любовь к страданию из-за всякой херни. обожаю прям
1;ой, какие у меня смешные одногруппники
1;по метрологии всем поставили по 90 баллов, а мне 75. я так расстроен. переживаю. сейчас буду плакать
1;прям молода и прекрасна сегодня, юная брук шилдс во плоти. свежа как персик
1;"и почему никто не умер от воцарения ""разврата""? где дети, сошедшие с ума от ужаса?"
1;как же я это люблю
1;тысячи убитых в войне между рф и украиной её не волнует. тема языка в украине самая главная проблема
1;вау, человек принимает успокоительное. как это необычно. прям аж до невозможности
1;чувство, когда просыпаешься под прекрасное хихиканье соседки, местами срывающееся на гоблинский гогот. буду скучать по нему
1;никогда не проводила так увлекательно летние каникулы
1;было 10 читателей, стало аж целых 23
1;ой, с первым днём лета. я уже прямо чувствую, как моя жизнь меняется в лучшую сторону
1;а для зимы асфальт нужно в метель класть. я всё понял
1;каникулы начались cупер
1;скорей всего русский эмигрант и агент путина. только они на такое способны!
1;у меня такие интересные посты, что аж сам твиттер завис
1;моя продуктивность сегодня просто зашкаливает!
1;это что еще за дискриминация по языковому признаку!!! увольте весь euronews! даешь только по-русски!
1;ах да. кстати. свет вырубают как минимум раз в месяц без предупреждений. афигенно иметь квартиру в центре города
1;медицина беларуси на высоте
1;погода просто супер
1;комары-комарики, как я по вам скучала!
1;заканчивать смену с касарем и бутылкой шампуня. как же шикарно я живу
1;отличная идея передергивать понятия, браво
1;у меня просто потрясающие отношения
1;господи, как же я обожаю записывать фонетику. это же так круто слушать себя на диктофоне
1;когда на фотке ты вышел очень грустненький. обожаю фотографа
1;да? в интернете же можно бесплатно найти!
1;обожаю четверги...
1;вот уже который день подряд я ложусь ближе к 5 утра и встречаю рассветы! люблю рассветы!
1;спасибо @matchtv, за то, что показали сегодня хоккей
1;ну вот... 10:1 в пользу россии! осталось обыграть монголию и уругвай
1;а то как же мои подписчики-танкисты без моих тундровых трансляций будут
1;знаю не только песни мота наизусть, но и вообще все-все песни, которые крутят на love radio. спасибо коллегам за это
1;кругом напоминания в вк и везде, что дауни мл и тони старк крут, а то ведь не дай бог все забудут
1;ну так то я ни разу не думал и не искал
1;видеорегистраторы узаконены. понадобились годы для создания непростого указа! хвала законотворцам!
1;смена начинается в 16 до 20, потом перерыв и с 23 до 4.30, и завтра начинаю уже в 12. люблю свою работу
1;когда к 8 утра пришел на любимую работу
1;"я на нуле, у меня критическая ситуация. мне срочно нужно позвонить. спасибо мтс за ""заботу"" о своих клиентах"
1;чистый четверг. пойду голову помою. это ведь такое редкое событие!
1;с сегодняшнего вечера терпеть не могу ольгу александровну. спасибо вам за поездку в екатеринбург
1;смотрю сегодня все старались как можно тупо пошутить про космодром восточный. завтра продолжайте в том же духе!
1;вот только дементоров во флэше и не хватало
1;как пиздато то в пиджаке под дождём!... погода радует...
1;как же я скучал по вам, о забитые маршрутки
1;олигарху срочно нужна помощь
1;как же вовремя я заболела!
1;только этого мне не хватало, как мне блять этого не хватало
1;здравствуй понедельник, я так скучала, так рада тебя видеть, ты самый лучший, училась бы и училась
1;ага, любовь вот так прям и прет изо всех щелей...
1;ну какой удачный день сегодня! сама себе завидую!
1;настолько любим свой институт, свою работу, свою службу, что переехали максимально близко
1;нада на @dadzed написать донос. тем более щаз будет за не доносительство срок. не дай бог кто раньше меня настучит! пиристрахуюсь 
1;а это только начало же. представляю как все станет хорошо после самих выборов. эх, заживём!
1;последнее время не знаю что писать в твиттере ибо у меня такая интересная жизнь
1;какая радость в субботу быть на работе
1;безбоооооожно красивая девушка! ещё и настолько скромная! вааааау
1;окей, смешно! щас со стула упаду...
1;"что самое смешное в данный момент? ну это то, как дима билан играет. ""я сказал отойдите от женщины!"" ууууух оскар срочно парню"
1;я такая счастливая
1;ммм, круто, опять за повтор платить. люблю рудн
1;иду гулять с самый замечательным человеком! сама с собой
1;отключить в субботу свет, а вместе с ним горячую воду - отличная идея!
1;ща шнурки поглажу и бегом смотреть твой первый пост
1;супер повод принять ванну
1;в предвкушении прекрасного вечера
1;очень люблю выходить на матане к доске. решаю все примеры за секунду. пашенька меня хвалит и вызывает опять. математика - лучшая
1;у меня очень насыщенная жизнь
1;обожаю заниматься квикстепом одна
1;тот момент когда хочешь придумать твит, но твоя жизнь такая насыщенная что ты ничего и не говоришь
1;именно за это мы ценим порошенко
1;у меня такая насыщенная социальная жизнь, что аж часы сбились...
1;обожаю раннюю весну: аллергия, простуда, красные глаза, недостаток витаминов... лучшее время года!
1;косяки сбербанка делают меня такой счастливой
1;боже, 8 марта прошел, а я не выложила селфи с букетом!
1;хороший день. меня чуть не сьела свора собак
1;@shakirovua целых 11 грн на культуру, прям есть куда расти
1;так люблю свой класс
1;спасибо, что пишете, что не забываете меня
1;еще винца выпила, подумала, что усну, если немного выпью. и знаете, нихрена не помогло. я конечно мастер снотворного
1;какая приятная весна на улице, однако
1;ну да, жители наши несамостоятельные, глупые, сами не разберутся, ага
1;почему в россии вообще боятся террористов? ведь рф несёт только добро
1;почему ещё годовщина вхождения крыма в состав рф не является гос праздником? чтобы все прочувствовали, что крым все ещё наш?
1;в германии потерялись 130 тысяч мигрантов. молодцы. просто молодцы
1;люблю вас 11а
1;капец нам везёт на 5 курсе учиться во вторую смену
1;погода обалденная
1;назарбаев хорошо разбирается в экономике!
1;0:26 самое время для того что бы посмотреть еще сезон сериала, а то еще высплюсь. ужас!!!
1;я мастер дарить подарки и поздравлять в целом
1;чудная, однако, неделька начинается!
1;восхитительное завершение этого дня
1;превосходное 14 февраля!
1;ага, да, я умею рисовать, ага, да. конечно...
1;ха ха ха. в рф всё хорошо
1;первая же пара пройдет на другом конце города. отличное начало отличного семестра
1;ура, теперь у всех из моей семьи есть смартфон с whatsapp
1;дядя со щеткой - звезда экрана. да зачем нам шипулин и фуркад, когда есть дядя со щеткой! 
1;гонтаревой и яценюку спасибо
1;господи, как же весело сидеть дома
1;какое прекрасное солнечное утро!
1;давай америка, сделай россию снова великой!
1;отключили свет - весело!!
1;митрюшкин уходит? и правильно! зачем нам молодой/перспективный? если что, в шиннике вратарей ещё много
1;разгуливать по городу со зрением -5 без очков и линз вообще нормас
1;люблю и умею одеваться по погоде
1;веселая лента
1;прост у меня самый-самый лучший телефон
1;"сижу в вк, никого не трогаю и вдруг мне пишет хач. ""давай встречаца?"" конечно же я согласна, увози за сто морей"
1;в кои-то веки я хочу есть а меня тошнит от еды здорово-то как
1;суд арестовал пенсии януковича и азарова. оперативно, даже 2-х лет не прошло...
1;верной дорогой идем, товарищи!
1;я просто с астраномической скоростью теряю фолловиров. ну в жизни и такое бывает. пойду нажрусь. ведь нет ничего хуже!
1;я обожаю болеть! встал, попил горячего чая, пожрал, посидел в интернете, заглотил таблетки, уснул... и все по кругу
1;шикарно, когда твой телефон упал в снег
1;11 минут, новогоднее настроение так и прет, прям чувствую приход праздника
1;ура праздник!
1;ну, наконец-то. проблема решена
1;по просьбам трудящихся, выпускают реалити-шоу про дружбу-любовь тигра и козла. счастье-то какое. думала не дождусь!
1;"как ""чистосердечно"" люди поздравляют друг друга с наступающим новым годом"
1;ммм. удача сегодня меня преследует
1;скорей пройдите прекрасные дни и мы вернёмся к бренному обыванию! ах по-быстрей бы!
1;люди, ух как я люблю, когда вы засираете ленту своими домашними животными. таким как вы - только памятники ставить!
1;люблю волшебство зимней погоды! шикарная русская зима! настоящая!
1;декабрь, ты лапочка
1;я просто самый удачливый человек в екб. принудительная утренняя экскурсия по пробкам эльмаша
1;14 декабря: зимний день с утра радует осенним дождем! такая погода навевает новогоднее настроение!
1;хорошая зима. дожди тёплые
1;отличная идея при размене в кассе пятитысячной купюры заполнять заявление с указанием паспортных данных. браво!
1;осталось спать 6 часов. хм, почему так много?
1;закладки шли подарком и мне нафик не уперлись. если книг нет на складе, то зачем присылать закладки? сервис на пятерку!
1;ну всё правильно земля кривая а ракеты ровные, осталось только сделать кривые ракеты и всё будет отлично
1;ура, сегодня пятница - можно уйти с работы пораньше! минут эдак на пять раньше, чем вчера
1;сколько у нас на самом деле верующих людей - понимаешь в день святого патрика
1;почему бы жителей сносимых в москве пятиэтажек не переселять на дальний восток? это же покруче освоения целины будет
1;"у меня сейчас график жёстче, чем на работе. завтра встанем ""попозже, часов эдак в 8:00, никуда спешить же не надо"""
1;все хорошо живем голова раскалывается спала четыре часа ух как здорово
1;ну я сегодня просто победитель по жизни
1;кофе перед сном, отличная идея, браво
1;я так умею сказать все коротко и ясно
1;делать ошибки в словах в твиттере и замечать их когда твит стал уже популярным. люблю, умею, практикую
1;никому не нужна… чёрт, здорово-то как
1;а знаете, что будет ещё круче? если мой самолёт задержат часа эдак на 2-3!
1;"я ""мастер"" фоткать "
1;предлагаю уменьшить призывной возраст - 15 лет. нечего по митингам шариться. коррупция - двигатель цивилизации
1;отличная идея по уши влюбиться в мальчика из болгарии, находясь в америке. за неделю до отъезда. браво, полина
1;шикарно, когда договорились с систр встретиться в 11.00, но у вас одни матушкины гены, и она тоже опаздывает на полчаса
1;позицию кремля поддержали в совбезе оон лишь сирия, боливия и уругвай. отличная компания, ничего не скажешь. кремль опять у разбитого корыта
1;сижу, леплю стикеры на авы друзей. ммм безудержное веселье
1;"да kfc, ""отличная"" идея была, положить в бургер не маринованный, горький,ванючий, белый лук... браво"
1;все никак не угомонится коварный путин, это все его пропаганда, через леса он захватит умы людей израиля!!!
1;да ты шо, он обновился. вау, думала, не дождусь
1;лабораторная работа по инфе. рисуем блок-схемы. веселуха
1;зачёт не сдала, ногу подвернула. потрясающе, ничего не скажешь
1;я мастер корректно задавать вопросы
1;как насчет смотреть в окно 4 часа на облака, вместо того чтобы учить истарх? отличная идея, мозг. браво
1;сейчас бы в лифте застрять, когда домой надо. шикарно
1;ммм ретвитить чужие рисунки и страдать прямо с утра здорово-то как
1;паспорт, свидетельство, код?  потерять все и сразу?? люблю, умею, практикую
1;да, я просто мастер поздравлений
1;ну конечно, как же мы без высунутого языка жить то будем, да? 
1;его мнение очень важно для нас, ага
1;это делает путин чтобы отвлечь внимания от сирии, которая отвлекает внимание от теракта в метро, который отвлекает внимание от митингов 
1;мы исправили старые баги и ошибки и добавили новые. приятного пользования!
1;да и вообще обрастай жиром, не мойся, и не расчесывайся. ты ведь и так прекрасна
1;сижу целыми днями дома и смотрю сериалы... мда безудержное веселье
1;проспала телефон на 0% еще и комп решил немного поглючить шикарное утро, ничего не скажешь
1;я мастер формулировок
1;ну да, конечно, я же не могу ничего не испортить в школе
1;мда смешно
1;а почему бы вам просто не существовать, чтоб до вас не домогались? что сложного, я не пойму
1;действительно, какая печаль, что и вымышленный персонаж гей. какая трагедия...
1;да неужели?
1;о боже как я раньше то жила. надо было сразу от первого встречного рожать толпу
1;конечно, не любит. врет и в глаза и за глаза. и жениться решил исключительно потому, что колом в сердце пригрозили
1;еще раз спасибо. сама бы я, конечно же, до этого не додумалась
1;с языческим праздником вас, христиане!
1;вот заживем то тогда! у нас же каждый продавец знает как управлять государством!
1;а по-моему все логично: жрать сейчас, как слепая лошадь, чтобы потом страдать по настоящему и проверить эффективность методы
1;а разве есть ещё в польше города кроме варшавки?
1;ой, я тож немогу понять , как оказался в активе ?!? ппфффф заставили
1;ой спасибо а то я не знала
1;ко мне на работу забегала какая-то ясновидящая из ахтубинска, жаль телефон у нее не взяла
1;а зачем рашке черногорск... днр и лнр главнее...
1;потому что мущщины и так идеальны, и их просто нужно любить такими, какие они есть
1;а пушкин разве писатель?
1;спасибо тем, кто заметил меня и сделал знаменитой, добавив коммент в предложения
1;ммм, отличная фотка
1;гмо? да оно же ведёт к раку, ты чё?
1;серьезно? правда? а я и не знала...
1;ну что вы. его мама и сестры и вся женская часть его родни кристально чисты
1;забыла сменку хорошее начало недели
1;меня ударил по лицу кот. отлично! теперь меня даже коты бьют!
1;а то пальчик поцарапаешь и столбнык подцепишь
1;да чтобы у меня были комментарии под фото? не, вы че
1;пожалуй после такого заявления я непременно задумаюсь и последую всем твоим советам
1;я б стала анорексичкой если бы калории сжигались от грусти и плохой самооценки
1;сажать нужно сионистов и жидов, но я не антисемит, ни в коем случае!
1;как хорошо, что у россии с узбекистаном безвизовый режим! просто замечательно
1;шок! неужели единороссы, назначенные на такой высокий пост самим путиным, берут взятки?
1;кажется, грядут времена, когда младенец будет появляться на свет с левой стопой в форме педали
1;а давайте флаги страны-агрессора на аватарки ставить  
1;почему молчит шарли? даже странно
1;ну да это же очевидно
1;в чем красота этой фотографии?? хххмммм... наверно во мне?
1;а еще в середине фильма триклятые геи что то пропогандировали и в результате там вырезали кусок. ох уж эти сексуалы нетрадиционные! 
1;очень рада, что не забыли. круто. мега круто
1;"обожаю, когда в последний момент перед дедлайном кто-то сливается, и его работу со словами ""нужно срочно сделать"" отдают мне"
1;наткнуться на эту статью и в этот же день узнать, что у тебя запущенная форма синдрома самозванца — удача
1;удобно! соседей - не зальешь! свет - лишнего не намотаешь! сплошная экономия
1;вк запретил встраивать аниме free! за взрослый контент! вы что! там же парни в плавках в бассейне плавают!
1;не баян, а классический выпуск российских новостей
1;обожаю болеть
1;глава газпрома всё детство мечтал о собственной горе. алтай - мечты сбываются!
1;зачем вам вообще автомобиль, в пробках постоять?
1;у вас же сейчас нет пары, вы же сейчас свободны, давайте я, опоздавшая на 25 минут, задержу вас. ну а мы ж только рады, ага
1;пора уже и школу запрещать, а то они со своим заданиями любого ребенка доведут!
1;ха я не ха могу ха дышать ха вышлите ха помощь ха
1;все будет хорошо. секретная информация не очень важно
1;правильное и полезное питание - это моё, да!
1;христианские точечные ракетные удары мне больше всего понравились
1;кажется, пора взяться за ум... ахаха, купился!
1;поступок настоящих здравомыслящих людей с четкими целями, не заставляющими усомнится в значимости их дела
1;как же приятно, когда по случайности именно у больших чиновников всегда такие разносторонне развитые и талантливые дети
1;"открытие, достойное 5 лет работы. ""a<>b"" неравно ""a<b % a>b"", особенно, если ""b=0"". вот уж обнаружил так обнаружил"
1;черт подери как я обожаю получать поздравления от алкашей
1;я не верю, что это случилось... что это произошло со мной... это ужасно!!!  я забыла перчатки дома
1;порезаться в первую же минуту просто шикарно
1;7 уроков - 4 контрольных. шикарно
1;меня выгнали из моей же комнаты!! шикарно
1;ага, вампиры, которые тысячи лет убивают людей, в том числе и детей, - это такие няши
1;как хорошо оптимизированная страница под мобильный. отлично прям, ага
1;о даа, просто ккккккомбооооо, лучший урок биологии и физики одновременно, мое любимое, всегда бы так
1;внезапно настало лето? дома из обоих кранов течёт холодная вода
1;сегодня первый рабочий день. я настроена и готова? конечно готова, в одеяле - хоть куда. заболела
1;на улице просто шикарно, но я как всегда сижу дома. жизнь-боль
1;такой уютный день и вечер. прям печалька
1;вот и до меня добралась цивилизация — горячей воды нету
1;мда, веселье через край у вас
1;папа: хорошо тебе, завтра в школу идти, а вот мне спать до обеда. спасибо
1;тошнит, голова болит, состояние дрянь, работы дофига... зашибись пятница!!!
1;сегодня не смогу пойти на зимний бал - вот что значит победитель по жизни!
1;о даааа, тесты снова забыла пройти. великолепие. пора себе записки начинать писать
1;очень удачно было заболеть в понедельник, да еще и перед защитой практики
1;"продолжают свою колонку ""победитель по жизни"". приобрел одноразовый стаканчик за 25 р. автомат не работает"
1;ненавижу нашу школу. урок отменили, зато репетиция будет! красавцы
1;"да, видела-видела. чем ближе праздники, тем ""веселее"""
1;за день до нашего месяца... ты говоришь что больше мы не увидимся... спасибо...
1;здорово я сегодня побегала. нога чертовски болит
1;даааа! даже метод съемки абсолютно другой. последние сезоны рассчитаны на американского зрителя, что не может радовать
1;все завтра будут спать, а я на учёбу. победитель
1;во будет прикол, если я нг в минске проведу
1;опять дали задачу, которую можно отладить только в бою. программирование на ощупь — новое слово в методологиях
1;короче поспав за эту ночь 2 часа я не выспалась. странно, да?
1;груша вдвойне питательнее, если с червяком. просто нямка
1;круто... походу из-за вчерашнего внезапного отключения света сгорел мой винт на 2 тб со всей инфой
1;рабочий день начинается отлично, кабинет не открывается, заел замок
1;здорово я суп готовлю, мясо главное поставила, а картошку забыла почистить
1;победитель по жизнь: отравилась... здравствуй бессонная ночь!
1;"сегодня видать у всех вечер выдался на ""отлично"""
1;круто я йогурты пожрала вчера. все утро рвет. отравилась
1;уронила ноутбук на пол, как же мне везёт
1;отлично, проспала полпары... чуть в стол носом не въехала
1;ну круто теперь не иду гулять из-за того что с ромой сижу
1;все отлично, даже замечательно, вот только почему-то плакать хочется
1;отличный день вообще!!! куртку не купила, метель на улице, не погуляешь. так еще никого онлайн нет и не с кем погулять
1;беда печаль теперь сижу дома всем огромное спасибо. думала в людях хоть чуточка добра есть
1;поехала на почту, рабочий день закончился. победитель по жизни
1;только что мне повезло увидеть очень толстую девушку в очень короткой юбке
1;спасибо, теперь я ни знаю что делать
1;уколы. как же я люблю уколы
1;ну замечательно... мама не приедет. и снова я одна дома без вкусняшек
1;хочу много подписчиков. но я же победитель по жизни, ага
1;и так всегда. спасибо, что я в рашке
1;"нежданно-негаданно решил вылезти очередной зуб мудрости, доставляя мне тем самым массу ""приятных"" ощущений"
1;вчера был только насморк, и я думала, что вылечилась. но нет, проснулась с болью в горле. отлично
1;ненавижу вставать рано утром. спасибо вам экзамены
1;проснулась с температурой 38.1. замечательно
1;благодаря папе я проснулась, спасибо блин
1;порошенко осталось только безвизовую церковь организовать 
1;очень иронично то, что в сибири +37, а в сочи +21
1;самое гениальное решение за последнее время-  просмотр 7ой серии 2го сезона твин пикса перед сном
1;да ну, не прошло и пол месяца лета !!!
0;в 14 иметь большую попу-иметь большие комплексы, а к 25 годам это становится твоим преимуществом и никаких 3/100 приседов
0;пятачок, это какая-то неправильная весна!
0;у кого есть фотки шастуна с его бывшей девушкой?
0;хотела написать что долго никого нет как все пришли
0;минус одна свободная подружка в польше, итого подруг 0
0;ненависть к себе не должна мотивировать стать лучше, любовь к себе должна
0;в общем рэперы и блогеры - это раковая опухоль 2010-ых
0;моя бабушка с таким удовольствием ела кожуру вареной курицы, что меня чуть не вывернуло наружу пять раз
0;не беспокойтесь о своем сердце, пока оно не остановилось
0;в следующий раз, когда я причиню кому-то боль, это можешь быть ты
0;у меня сейчас, в середине осени, новогоднего настроения больше, чем будет под новый год
0;теперь мои поездки в москву станут более частыми
0;хочу удалить вотсап и пользоваться только телеграммом
0;горжусь своей республикой!
0;то чувство, когда пересмотрела сериал и сейчас хочешь стать шикарнейшим юристом, чтобы в последующем совершенствовать законодательство
0;сомнение - паразит, который подпитывается негативными мыслями и растет где-то в голове
0;а кристинка то поняла,что она вела себя все время как маленький ребёнок
0;еще одна здравая мысль насчет того как навальный изменил политическую повестку в стране и что унылая путинская эпоха достала уже всех
0;после вот такого от esquire понимаешь, выборы приближаются
0;о снижении возраста уголовной ответственности - после воскресенья только одиннадцатилетних власть теперь и не боится
0;что было сегодня в москве на самом деле
0;гугл переводчик будет обучен передавать смысл слов более точно  
0;у нас жарко - потому что учимся танцевать зажигательно 
0;он очень сильный человек, хотя у него нет не только двух ног, но и части таза
0;учусь зарабатывать денежки
0;ага, ездил бы так на занятия с лицом победителя
0;к богам уже вышли субтитры оперативно конечно ничего не скажешь
0;экзамен за три года. я просто успокаиваю себя тем, что я все три года учила, и мне осталось только повторить и вспомнить
0;не дай бог начнут дома строить по программе реновации
0;поела я пресной херни и теперь настраиваюсь начать стряпать шоколадные кексики для мужа
0;"нашла рецепт #вконтакте, ""красное море"" называется"
0;каждому лашнику от меня лучики тепла, добра и любви 
0;спасибо нашим новичкам, 4 часовая лекция это не просто
0;и не из такого выкарабкивались, ага
0;весна - это когда ты обходишь одну грязь по другой грязи, потому что она не такая грязная, как первая
0;знаете то офигенное чувство, когда делаешь и сдаешь всё вовремя
0;как же сложно во время переписки с преподом не лепить смайлики после каждого слова
0;на выпускном моя речь будет звучать именно так
0;я просто засыпаю на лекции по древнерусскому
0;как же плохо быть младшим в семье,всегда бегаешь в магазин
0;пришла на физику, а тут такое
0;пропустила несколько пар по статистике и теперь сижу с таким видом 
0;даже к семинару можно готовится с юмором
0;скоро можно будет делать огромный коллаж с фотками, где юля спит на парах
0;мо россии отвергло обвинения в поставках оружия «талибану» 
0;компы новые поставили, а интернет нормальным сделать не могут
0;не пойти на пары, чтобы писать курсач
0;честное слово, больше половины времени я не понимаю, что пишу на парах
0;как же меня за*бали некоторые личности в моей группе
0;прогулялся блин до почты, итог больнючий прыщ под мочкой уха 
0;меня пугает мое безразличие к учебе, а сессия  то приближается
0;ага, а кто, это, интересно, ко мне с корейцами пришел
0;прошлое должно оставаться в памяти, чтоб было достойное будущее
0;смотришь старые посты в соцсетях и думаешь: мать моя, это писал я?
0;зачем пары назвали парам? у меня они ассоциируются с парами, которые я получаю за контрохи
0;просмотр диафильмов — это было целое событие! 
0;а я помню этот день ровно год назад, всё до мелочей, столько всего произошло, какие были ожидания
0;нам не хватало только настеньки и игорёши
0;не смотри в прошлое, ты там уже был и все видел, иди вперед, там будет интереснее
0;надоело сидеть дома, а на улицу нельзя
0;мои брови из 2010 были бы сейчас в тренде
0;на прошлой неделе прошел двухдневный семинар-совещание координаторов и кураторов проекта
0;технологии, которые потрясут мир
0;стартап uniti sweden и siemens наладят совместное производство электромобилей
0;опять я поспал ровно столько, сколько нужно, что бы ненавидеть весь мир
0;пресс, отжимание, планка - на сегодня сделано
0;кажись, мне пришёл делюкс, но на почту я смогу прийти только в субботу
0;юбилейная церемония вручения кинопремии «ника» пройдет в москве
0;каким виделся 2017 год из 1960
0;3 технологии будущего для продолжения жизни
0;мировое правительство защитит нас от искусственного интеллекта
0;компания avegant показала прототип ar-очков
0;когда других в инсте лайкают парни, а тебя странички ресторанов/наращивания ресниц/ увеличения груди и прочая лабуда
0;я хочу такую штуку особенно по будням
0;мне нужен срочно лак, а он закончился
0;мои дети могут не увидеть истинных учителей и настоящей школы
0;в марте в апатитах откроется  молодежный лагерь-семинар
0;не думала, что наступит время, когда подруги не захотят со мной пить
0;яценюк прокомментировал сообщения о своем аресте в россии
0;варшава: выборы туска главой евросовета сфабрикованы
0;как говорят обещаного три года ждут...
0;желаю хорошего полёта и удачной посадки, я буду очень сильно скучать
0;а я не болею - я не выздоравливаю
0;я хочу с тобой помириться, но я гордая и никогда этого не сделаю!
0;не могу блин слезы на глаза, такие моменты трогательные
0;пол маккартни работает над новым альбомом с экс-продюсером адель
0;вы можете делать с ним всё что захотите 
0;некоторые шахты просто неэкономичны
0;ай, пофиг, всё равно это будет неделя недосыпаний
0;жаль, что народ использую просто на просто, а они этого не понимают
0;я только сейчас поняла какая же я все-такие эгоистка
0;вот они — проблемы современного мира
0;даже грустно что так быстро закончилась эта волшебная поездка
0;как же я не хочу чтобы уходил этот год
0;хотела в школу пойти, но мама заставила остаться дома
0;я не сказала ему, что это ты
0;а вы когда нибудь плакали от осознания того, что было в прошлом?
0;ничего такого, с чем не смогла бы справиться
0;сначала нет света и холодной воды, теперь есть свет и есть холодная вода, но нет горячей воды
0;хочешь сделать человеку как лучше а получается, как хуже
0;выписали штраф 500 рублей. теперь гулять почти не буду!
0;как всегда, моего самого сильного программиста нет под рукой, когда он так нужен
0;быстро падает настроение когда видишь на экране эту гребанную фразу
0;муж меня не любит, автобуса нет. на тренировку не успею
0;ну что же здравствуйте серые будни без танцев
0;феерическое открытие зимнего сезона в исполнении анастасии сухоруковой
0;зима только началось, но уже хочется чтобы она закончилась
0;настя никак не может скачать твиттер
0;не понимаю людей, которые могут спать днём
0;экзамен по немецкому вообще не очень написала
0;остаётся молиться, что какой-нибудь добрый человек найдёт его и позвонит в универ
0;скучно, нет настроения, ещё и к репетитору одной придётся идти
0;ты не забыла мне костюм забить и слова нормальные?
0;никогда ничего не знаешь, тебе всегда трудно объяснить,  у тебя всегда все просто,  а я тебя не понимаю
0;в нашу бы страну, да клумбу таких цветочков
0;почему мне позвонило за 3 дня около 15 человек, когда я жду звонка только от одного?
0;как найти человека в вк, если знаешь только имя возраст и место жительства москва?
0;единственный минус моей ночёвки у неё - отсутствие интернета
0;самое ужасное состояние, это когда ты еле-еле сдерживаешь слёзы,но при этом вынуждена улыбаться
0;жду своего спортсмена с тренеровки! мне дико дико скучно!
0;а почему меня только один человек фоловит?
0;хочу в квн, иногда вспоминаю как выступали как выручали друг друга и охото плакать
0;другое дело если человек не хочет знать историю, тут уже не поможешь..
0;дружеская ревность, пожалуй, страшнее любой другой
0;ну зачем, зачем она мне это рассказала
0;я обожаю рисовать ночью, ну почему универ не открыт ночами, я бы пришла и дописала живопись
0;хуже травмы левой ноги для меня может быть только отражение мяча этой частью ноги
0;раздражает, что ты с нами общаешься хуже, чем с ней
0;эх. ненавижу горячую пищу. теперь ждать пока остынет
0;на сайте моего универа есть все, кроме расписания!
0;эх, кузьма, вот так вляпаешься и на всю жизнь
0;интересно, сколько уже чашек кофе я выжрал за сегодняшний день?
0;он его толкнул. ну, а он ведь мужик. и короче тут понеслось
0;дождь в самый неподходящий момент пошел, когда мы выходили из ресторана
0;мой авторитет среди одногруппников на нуле
0;обнаружил свои дембельские шапочку, шенелечку и ремешочек, сапожечки, формочку и белушечку похоже выкинули
0;настя не дала мне сфотографироваться с воробьевым и малаховым
0;нам без мамы плохо, нам без мамы скучно
0;хочу чтоб меня любили. но я не заслуживаю этого
0;хочу выйти погулять, но все говорят что холодно
0;черт дернул с семи до девяти спать
0;это надо же было, во вчерашнем приступе ночного голода, сожрать все что было на завтрак. остался только чай
0;хочу всех увидеть, сколько прошло то уже времени
0;что за хардкор?! время - четвертый час утра... не сплю уже второй день подряд
0;вместо молока добавила в кофе немного бейлиз, потому что не могу пить черный кофе, а иначе засну
0;я на неделе тупо забила на учебу
0;я поверить не могу, что мой знакомый мог так поступить
0;но потом я встречаю андрея и сердце замирает и ходишь улыбаешься весь день
0;сидишь себе спокойно за ноутом... бац, 4 часа утра, а через 2 вставать…
0;я даже рада, что все именно так
0;надо теперь понять, как сюда запихнуть скайп...
0;думал меня эта зараза пройдет стороной, но увы
0;моего веса недостаточно, чтобы нормально улечься в кресле
0;всех с первой пятницей этой осени
0;обидно когда добавляют те фотки где ты ужасно получилась
0;ну вот последний день производственной практики, эх с понедельника снова на учебуу
0;еду на конец города в какой то необычной маршрутке, ибо времени так мало, что пришлось и на такое согласиться
0;меня наказали, за что, молчу, иначе позорно
0;и что я поперлась на два часа раньше, чем надо было, мне очень больно от того, что я обидела своих
0;а ты мне сегодня снился
0;нос заложенный горло болит как жить как жить
0;а еще сестра сказала что я помешан на этих китайских мультиках
0;как ваше настроение? как вы спали? сегодня опять будет пасмурно
0;никогда не понимал баб и не пойму
0;вот кого не хотела бы встретить в выходной день
0;почему гениальные идеи приходят так редко и при этом оказываются баянами?
0;когда у каждого соседа по снегоходу - это уже проблема
0;вот блин опять аниме на самом интересно месте закончилось
0;всё-таки есть люди, кому пить нельзя - их тянет на приключения
0;о нееет! мой младший братик делает мне прическу, даже не знаю, что получится
0;сегодня день настолько загружен
0;накупила себе гадостей, а они даже не лезут   лечу свое горло
0;стс бездари, запороли такой сериал как я встретил вашу маму, слов не хватает
0;и вот еще один выходной мы не увидимся
0;ммм… какая красота… а я еще даже первого снега и не видела
0;робот sally умеет делать тысячу салатов
0;мне нужен офигенный друг, но все мои офигенные друзья куда-то разбежались
0;сижу и жду у моря погоды, прям как Ассоль, жалко и обидно
0;утро редко бывает добрым, особенно, когда тебе нужно на работу
0;я сегодня не выспалась, мне мало мало мало одного дня
0;вы держите людей в постоянном страхе
0;извращаться с пристегиваемым рюкзаком все же придется
0;разгрузочные дни зачастились, а все потому, что кто-то не может обойтись без сладенького
0;воскресенье у меня началось в 04:30 с таблеток...
0;блин, почему у меня не было такого торта на 21летие
0;прощайте, планы на следующей неделе
0;как хочется опять в то беззаботное детство
0;не такая ты уж и хорошая оказалась, как я думал...
0;на улице такая крутая погода, настроения нету, и даже не знаю идти гулять или нет
0;яндексовский поиск по блогам предлагает мне для начала поискать «волшебного кролика»
0;а самое обидное, это то что я вас больше никогда не увижу
0;давай, задавай вопрос?! а то скучно
0;это чувство, когда с самого утра сбывается твой сон
0;после апдейта куда-то пропала ёлка из ангара
0;на завтра еще не подготовился к парам
0;за 20 мин до конца рабочего дня лень обуяла мой мозг
0;щас фильм досмотрю и пойду пыль вытирать
0;посмотри, что тебе покажут сегодня во сне
0;я так не хочу в москву, а надо
0;так красивоо, а я дома сижу
0;на улице пусто! ни людей, ни машин, наверно холода боятся
0;у меня для тебя есть великолепный номер
0;ванна хорошая штука жаль ееночь без сна и ничего не знаю сложно делать
0;даже такой псих полюбил
0;всегда мечтала ей стать
0;хочется уже каникул по-быстрее,а потом я вспоминаю про сессию и оценки
0;мы хотели, чтобы димка поехал с нами, а он на даче
0;я боялась, я так и не умею норм кататься на нем
0;я, кстати, летом ни разу на вальсе не прокатилась
0;я коньки сломал в прошло году,только в след починю
0;а теперь спать, но я не хочу слышать от тебя всего этого, это правда слишком
0;нет, но я орала, что заболела менингитом
0;а еще с каждым днем меня все больше пугает, что я взрослею
0;мне кажется я и в тлт не найду себе сапоги
0;обожралась мандарин, хоть бы не обсыпало
0;ребят, помогите, +1 под фото,пожалуйста, а то сестра не отстанет
0;блин, когда выхожу я с онлайна то ты заходишь в онлайн, а когда я захожу в онлайн то ты выходишь
0;мое утро началось с ужаснейшей новости
0;тоша сказал что бы я ходила в вязанных варежках потому что они теплые, но они огромные и я не хочу
0;ааее, наконец-то дописала сочинение, теперь его нужно переписать, а мне лееень, там так много
0;пить третий день подряд не просыхая - это уже перебор
0;как жаль, что каждому терпению приходит конец, я сегодня сорвалась на лучшую подругу, и потеряла ее
0;разве только противник сам подарит нам его, что, похоже, и происходит
0;с этой учебой даже аниме нормально посмотреть нельзя
0;кто их так уколы учил ставить? аж нога отнимается
0;друзья-фотографы и не только фотографы! помогите!
0;странно у меня нет пункта активация по телефону ток через инет
0;практически весь день буду один дома... и чем же мне заняться
0;ночь без сна и ничего не знаю
0;ненавижу обещать и не делать
0;к сожалению только на выставку сходила, там их нашла
0;я сутки уже не ем, что со мной
0;новый год онлайн похоже срывается
0;обещанной инструкции по смс не получил, спам про мерседес продолжает приходить
0;воображение почему-то рисует булочку, такую как были в школьных столовых: свежую с блестящей корочкой
0;я не выйду сегодня из дома. у меня уборка квартиры
0;ну почемууу по воскресеньем я всегда себя плохо чувствую
0;пересела, блин, за комп, сверхъестественное не грузит
0;кидалово! сказал через пол часа скинет, а сам вышел с нэта
0;каждую субботу и воскресенье хожу на занятия по c++ и ничего не понимаю
0;иван, буду у вас просить прощения, пока не простите!
0;но не судьба. у нее две пары до 13:15 а у меня три до 14:55
0;блин так гулять хочется родители не пускают
0;не, не буду восстанавливать карточку. я обиделась и пойду зарегистрирую новую
0;больше всего мне на линуксе не хватает 3-х вещей: фотошопа, айтюнса и лингво...
0;ничерта в итоге не пошла я никуда
0;меня терзают смутные сомнения, по поводу новой авы вк
0;даже с больной головой я понял что твое поведение похоже на шлюху
0;теперь буду сидеть все воскресенье дома. и никакой улицы!
0;о божеееее как давно я не ела молочного шоколада
0;хочу вернуть время назад…
0;так больно когда кто-то предает
0;у меня только что утоп телефон
0;химки без воды, а родители и начальство их по 3е суток на работе
0;буду примерно неделю не на связи
0;закончил инструкцию пользователя для последнего проектика
0;нервы сдали... кругом сплошное предательство
0;только что мимо проехала газель с номером, оформленным шрифтом orbit
0;что-то вообще день не задался
0;есть только одна проблема, на коньках кататься не умею
0;почему все видят, а я вижу квадратики
0;никому не нравится мое оформление все ясно
0;очень волнительно за то, что сейчас происходит
0;больше никогда не буду заказывать в инете ничо, все нервы вымотали
0;какого нафиг завтра изменение в расписании
0;сразу не могла сказать что мне нужно выйти, для того чтобы в магазин поехать
0;надеюсь этот новый год я справлю очень счастливо
0;у меня какая то фигня с твиттером. не могу нормально загрузить фон
0;расстроилась... ничего толкового не купили
0;а в таиланде полиция сняла защитную амуницию и села рядом с протестующими
0;посмотрела, у нее были две бэшки, на одной 33, на другой 30
0;исчезнуть бы на пару дней. чтобы просто понять, кому я нужна
0;о, этот момент, когда ты только что нашла офигительный рецепт тортика
0;вот он, настоящий победитель по жизни в детстве был красавчик и сейчас красавчик
0;как же было классно отдыхать, ничего не делать
0;блин, я не могу в такое время, занята чуть-чуть
0;писать сочинение и разреветься на моменте смерти базарова - это я, да
0;у меня каждое воскресенье ужасно болит голова
0;сегодня разбирала свою комнату... мама сказала все лишнее выбрасывать...
0;я не видела ни одного голоса за нее
0;люди которые отправляют смайлы с айфона которые мой тупой андроид не видит
0;это жесть. с интернетом беда полнейшая
0;снег над головой, так хорошо, жалко что ты не рядом
0;евпати-коловрати я ненавижу тебя и в то же время люблю
0;уииии! я купила клубнику! про оливье и икру забыла
0;хочу дочку но еще рано
0;на 13 тысяч всякой ерунды напокупали
0;сейчас придет мама из магазина, и будет заставлять меня делать уроки
0;как же не хочется учить текст по английскому
0;я слишком не последователен, чтобы говорить, что мне всё равно
0;никому не нравятся мои кумиры, ни-ко-му
0;почему красавчики всегда играют плохих парней
0;праздники, а у меня горло полыхает
0;из-за чертового глюка пропустила всё самое интересное жизнь несправедлива
0;он что уже есть в инетике? главное чтоб папа не узнал и не заставил включать его
0;настроение испортилось
0;попытка установить VLC оказалась провальной
0;мне скучно... и одиноко!!
0;кинула им фотку с детства, а они не узнали
0;мне вот интересно. почему у женщины мозг устроен вроде также, как у мужчины,  а работаег вааще по другому
0;люблю и одновременно ненавижу тебя, зима
0;блин фотки до сих пор не скинули с той субботы
0;завтра рано вставать на дежурство
0;вляпалась рукой в замазку
0;ну почемуууу твиттер так сжимает эту прекрасную фотографию
0;сегодня был ужасный день
0;блин настя права была
0;официальный день рождения подходит к концу, а самая главная поздравлялка еще в пути
0;топаю спать, завтра рано на учёбу вставать
0;в том то и дело, что тепло
0;двухминутное видео — до того дотянула, что вэбка сломалась
0;меня бросили… так обидно... я буду скучать, сильно
0;и снова в клинику тимоше совсем плохо стало
0;всегда так, только вошел во вкус, и они заканчиваются
0;смешно тебе? грублю - это я всяким казанцевым
0;блин, похоже скоро вылечу
0;решила устроить своему организму здоровый бранч
0;пытайтесь восстанавливать данные. больше никак
0;нуу блин теперь так не сделать
0;ахах, я пыталась пересмотреть но на 3 сезоне как-то застряла и все
0;помоги пережить завтра, дай мне терпения и выдержки не послать никого
0;ну же давай быстрее
0;а вам бы их не будоражить
0;попыталась догнать парня с юленой шапкой и шлёпнулась
0;где все нормальные статусы?
0;ну вот все печально. не получается вернуть мой тви никакими силами 
0;опять болит кожа
0;пятигорский у нас проводил каждый год лекции в рэш
0;гарри, гарри… это уже закономерность...
0;заметила, что когда мне начинает нравится какой-то певец, актёр ил же просто парень у того появляется девушка, и это не я
0;как же я хочу, чтоб мы были снова вместе
0;сегодня поняла что совсем одинока в этой жизни
0;не радует погода меня
0;мои давно в негодность пришли, а то бы отдала, не жалко
0;завтра понедельник блин
0;раньше им квартиры давали
0;нормальное поколение вымирает
0;ахаха, а ты меня и не видишь
0;так и хочется иногда сказать
0;говорит правильно, но от правды как-то не легко
0;после феста спать буду, как убитый. а потом экзамен сдавать
0;завтра опять про ларьки прийдется слушать
0;мне так хочется уже дом украшать, чтобы везде висели гирлянды, елочка стояла
0;пышки лежат на столе и давят на меня
0;фух неужели я приехала, бешанный водитель
0;записки натуралиста, чесслово, какие-то, а не художка
0;ахаха, дааа, ну бывает, а что, вдруг и правда маньяк был
0;просто подавлен. переключатель настроения снова исправен
0;господи помоги мне быть терпеливой к некоторым людям
0;он так и не узнает почему я тогда начала чудить
0;всех лениных до одного надо сносить к чёртовой матери
0;завтра конкурс, а я так ничего и не выучила
0;масло дааа... отдаёт маргарином... вообще нормальное масло фиг найдешь
0;крепко же тебя толстуха приложила
0;в школе дали пробное гиа, посмотрела ничего не поняла
0;я хочу любимую работу в будущем, вот и все
0;сегодня не могла заснуть. меня преследовала одна мысль
0;ну и новость капец
0;может ты думаешь, мы друзья, но для меня ты, что-то больше
0;почти весь день называю своего кота анжелкой
0;надеюсь, вы не стали реже общаться из-за того, что учитесь в разных местах
0;еще одного такого позора я не переживу
0;родители завтра выходные, а я - неудачница
0;я усталааааа очень. но исп никто не отменял
0;если вспоминать утро субботы и эстафету олимпийского огня, я вспомню только холод из всех ощущений
0;ахах, а у меня до сих пора задэ оттаять не может
0;и на фига я сюда каждые 5 минут захожу, не понимаю
0;на площади снесли ленина
0;настроение на нуле
0;на такие случаи у меня есть алмагель
0;достали скидывать вы мне свои усры достало быть старостой! преподы! вы задолбали все на старост вешать!
0;жизнь-боль, когда болеешь каждые две недели
0;не люблю зиму… а до моей любимой второй половины лета ещё ппц как далеко
0;почему вы симпатизируете левым взглядам
0;у нас скукотища сейчас
0;100 раз помоги - забудут. 1 раз откажи - запомнят
0;завтра понедельник...
0;на дне это полная фигня, мне вот разгром читать
0;остаться бы завтра дома и поплакать бы целый день в подушку
0;ни разу в доту не играл, зато почти все друзья играют
0;я проехал только половину дороги, а у меня уже садится телефон
0;знание сила! звучит красиво, но йа часто чувствую бессилие
0;меня в последний момент не пустили на сходку
0;не хочешь спать????? аа ты же днем спала
0;опять температура поднялась... завтра в больницу пойду
0;кто-то тут явно лишний
0;кароче мне лень что-либо писать в твиттер
0;вот у ещё одной подруги появился парень
0;сегодня я поняла, что пропустила фотовыставку майкла кенна
0;не люблю воскресенье, сидишь дома и объедаешься
0;очень бездарно провел выходные
0;папа запретил мне хотеть жувачку, потому что у меня будет аллергия
0;спасите кто-нибудь. не хочу по английскому оценки портить
0;хочу поменять свой ник, но не знаю на какой
0;хочу как летом : обнимашки со всеми,целовашки, развлекашки на карусельке
0;сложная неделя предстоит
0;одновременно смешно и грустно переписываться с иностранцами, которые не понимают ни мой английский, ни мой русский
0;что же большинство наших продюсеров такие темпо-не слышащие
0;не из-за ничьей, а из-за упущенного преимущества и такого несостоявшегося гола
0;приехать у меня никак не получится
0;оля сделала крутые локоны, но они распались, когда я шла домой
0;провести с утра 2 часа в пути - не самая лучшая перспектива
0;тупая банка с вкусняшками, которую наверное даже тор не откроет
0;птица без крыльев разве птица
0;лента меня не замечает, всё я на вас обидку кинула
0;страшнее всего безответная любовь к тебе
0;вот так всегда — когда куча идей на выходные, то обязательно вызывают на работу
0;наверное, это показатель, когда люди уходят из моей комнаты, говорят что на минуту и не возвращаются
0;не могу сменить тему, херня какая-то вообще происходит
0;в моей спальне сгорела компактная люминесцентная лампа, которая работала более, чем 2 года
0;опять снег, много снега
0;в ожидании последней серии
0;загуглил сфоё фио и узнал, что я  нахожусь в федеральном розыске как должник
0;в следующий раз надо быть осторожнее
0;духоподъемная атмосфера майдана никак не вяжется с таким вот вандализмом
0;нет два дня, а я уже погибаю без нее
0;подруга назвала психопаткой. знакомый предложил зачем-то сдать кровь
0;и поняла, что тут не вспоминать нужно, а садиться и все заново учить. начиная с алфавита прямо
0;ты думаешь, что я сумасшедший но эти опасения ложны просто я сложный
0;по каким критериям выбирать шапку, если тебе ваще никакая не идет
0;вам всем на 9 завтра,а у нас этот дурацкий обязательный классный час
0;сколько же работы меня ждет
0;не люблю, когда из-за проблем в моей жизни расстраиваются родители
0;сколько раз твердили миру - сначала откопай номер, потом остальную машину
0;завтра опять на учебу выходные прошли замечательно, спасибо за это алинычу
0;я уже и забыл как это нормально ходить
0;помни держаться брат как бы судьба не долбила
0;время не вернуть назад не отмотать годы
0;я так хотел быть хоть раз хорошим, но опять оказался плохим
0;нам нужна пицца заказ там колбаска чтобы была и была полита кетчупом, сыр и всё, и всё всё хватит
0;на днях заметил, что люди, выходящие из общественного туалета, такииие счастливые!
0;страшно не то, что вас обманули или обокрали, страшно, что вы постоянно помните об этом
0;шла по улице, нашла кучу денег. судорожно распихала все пачки по карманам. проснулась. всё одеяло в трусы заправлено
0;мне иногда так чертовски не хватает людей, которые когда-то были в моей жизни
0;жалко терять людей, с которыми есть что вспомнить
0;влюбленных много, счастливых мало
0;когда ты чувствуешь, что ты человеку не нужна, зачем ты уговариваешь себя чувствовать другое?
0;пройдет время, и жизнь покажет, что все было только к лучшему
0;берегите отношения, чтобы потом не пришлось беречь воспоминания
0;морозное утро на москва-реке. желаем сегодня больше тепла!
0;всё, что ни происходит, всегда так, как нужно, и только к лучшему
0;что за футбол галимый по евроспорту идёт
0;зря вы, кузьменко елизавета александровна, не захотели бегать сегодня
0;еще три дня и опять четыре дня выходных!
0;очень скучно... спать неохота
0;"я скачала программу под названием ""шагомер"" меня очень она затягивает"
0;погода странная то солнце то ветер
0;иду гулять на улицу
0;и на свадьбу я не пойду ничью
0;мой первый твит
;упасть с лестницы. снова. только этого не хватало для полного счастья!
;ну теперь с такой поддержкой навальный точно победит путина
;действительно. чего вы возмущаетесь
;ложиться спать в 4 утра? - люблю, умею, практикую
;обожаю урфу за своевременную инфу всегда и обо всем
;грамотной, однако, я была в 11 классе
;с первым днем весны, ага
;осталось только новый стадион достроить и сдать в аренду
;сломалась камера смартфона! и значит инстаграм не увидит моих великолепных фотографий!
;а вообще классно, когда в воюющем государстве происходят такие вещи
;как прекрасен ж/д вокзал в 8 утра
;только сегодня, когда ко мне залетел комар-долгоножка, я поняла, что, мать его, наступило лето! не прошло и 18 дней июня!!
;не дай бог будешь журналистом
;ого какая новость! а я и не знал этих фактов
;"с утра ""любовь"" к работе особенная"
;завтра нужно ехать за копией флюры... да за свет платить... просто насыщенный день будет
;я так люблю прям тех кто анфоловится
;проспать до 22, когда экзамен завтра в 9, а ты ничего не выучил это во прям замечательно
;натянула в первые ватман на планшет итог: катышки и порванные края - да я мастер!
;я водитель от бога. и права не нужны
;в общем я самый удачливый человек в мире
;хорошая ночка, ничего не скажешь
;ух какой классный дождь на улице
;ура-ура, наступила пора нелепых свитеров, здорово-то как
;стою за посылкой в очереди на почте россии 25-ый по счету. здорово, люблю терять время
;счастье-то какое, 24-25ое — это рабочие дни
;что может быть лучше, чем опухшее лицо утром перед работой?
;сбежать- гениальное решение
;ммм, как классно уезжать с радуги в 9 вечера. столько транспорта идёт
;очереди длинной 10-15 человек? ммм, обожаю
;мы любим путина !!! а потом валим в сша
;люблю когда меня игнорят
;ой да неужели мы опять засели за крафт
;мы честные журналисты, мы за свободу слова, не называть крым российским - это идти против наших принципов честности, бла-бла-бла
;летом вышел утром с чистой обувью и волосами, а вечером приходишь вся грязная, мдаа якутск ты меня никогда не разочаровываешь
;"мне так везет на ""мужика"""
;о да, первый канал, ну просто обязательно надо было упомянуть юлию самойлову, и что киев ее не пустил на евровидение. браво
;как иронично, яблофон 7 в кармане и мелочевка за проезд в трамвае
;я про тви совсем позабыл со всеми этими фестами и внезапно (о да конечно) свалившейся учебой
;спасибо электрикам за неожиданное отключение света, ноутбук уже час в себя прийти не может
;слишком люблю неопределённость
;обожаю стоять на остановках рано утром, особенно когда дождливо
;до сих пор не ясно, где кто будет работать. лучшая компания, шикарные перспективы
;скорость ответов поддержки поражает своей молниеносностью!
;кабель проложен, качество укладки на 5!
;то позитивное чувство, когда только вчера создали свой сайт, а сегодня его уже пытаются взломать
;не правильного я выбрала мужика. не любит фоткаться
;а погода такая, потому что перуну перестали поклоняться
;разумеется, стоило помыть окно - пошел дождь
;гости за столом сказали, что свадьба в 25 лет - это поздний брак. то есть если я планирую выйти замуж эдак к 30, я старуха уже?
;"гоша вчера ""обрадовал"", на работу я еду одна завтра"
;прекрасный йогуртовый день. даже поесть некогда
;спала 4 часа, уснула в 10, проснулась в 14:00, успех
;чтобы забрать машину нужен, конечно, самый холоднющщий день
;"я сдаю ""гиа"". а всё почему? да потому что я - победитель по жизни "
;хочу в крым! должна была поехать с любимым! поехала в село! круто
;мне предстоит веселая поездка в одном автобусе с пьяной компанией
;доброе утро. супер мега бизнес центр на профессора попова, д. 37 остался без связи
;жизнь-тлен, когда понимаешь, что телефон не заряжался всю ночь
;заболела. только этого не хватало
;если не умирать от холода на улице, то придется умереть в транспорте от жары и отсутствия воздуха вообще! классное утро
;"в 34 вырезали джинсы. ""обожаю"" ездить в таком битке"
;отлично, не погуляем завтра с подругой
;"началось уже; о, здравствуй соль прекрасная на сапогах"
;"у нас же в четверг уже учебная практика!!! опять ""скажем ""нет"" отдыху"""
;спасибо н.в. за оценки. попортила мне дневник и оценки за четверть
;думала спать лечь. ага, конечно, легла
;о господи, меня ненавидит скорина, пойти поесть что ли
;жизнь боль, когда на плеере зарядки ноль
;у кого зачетная неделя заканчивается, пока он в сочи, тот я
;хватило ж ума на удаленном компе запустить торрент-качалку. все, до него не достучаться
;безысходность - когда умер твой любимый... айфон, со всей памятью и фото
;здравствуй, бессонная зимняя ночка
;привет снег, привет зимняя депрессия, привет сессия
;когда-нибудь я похудею, но это уже совсем другая история
;в деревне безудержное веселье особенно когда телек показывает только 2 канала
;еще и в тралике ехать час. а потом с малиновки до уручья столько же. победитель по жизни
;хватило ж ума представить нью песню до выхода альбома
;благодаря кому-то из родителей я спала аж целых 1,5 часа
;мда я конечно мастер благодарить людей
;второй вечер беспомощности из-за грозы. конечно, сдам я курсач вовремя, ага
;не пьёт она. ага, конечно, мы прям так сразу и поверили
;о да я ничто по сравнению с тобой
;воу воу воу за неделю аж целых два подписчика
;у тебя Кать такие щечки клевенькие ахаха
;возвращайся я скучаю
;ммм здравствуй, засушливое лето, без дождей и с 30° жарой...
;да, ко мне сегодня систер придёт (ага, то я к ней, то она ко мне), у неё спрошу
;как же я люблю говорить неприятную правду в лицо. и ведь ничего не скажешь в ответ
;только тебя сейчас не хватает
;осталось только всем сдать сессию и собраться в самаре
;а когда геремеев будет передан московским оперативникам?
;не дай бог напишет, я опять его пошлю
;до чего путин довел крым, по улицам козы бегают
;"лицезрел 5 серий ""мажора"", по советам не одного человека, ужасно скучный сериал"
;боюсь отношений и считаю их крайне запарным делом с треплей нервов но иногда прям хочется всего этого
;есть же те у которых и по восемь тысяч читателей и они каждому ответят я таких прям уважаю
;обзвонила уже фигову тучу вакансий и везде разводиловка, уже прям потеряла энтузиазм
;вообще нет ничего, что человек бы не опошлял своим присутствием
;когда после первой пары субботник, а ты свалил, т.к. дажэ дома не убираешься
;ассортимент сувенирной продукции с изображением андрея окладникова продолжает пополняться
;типа вхожу в ранее невиданный учебный этап
;ух какой цвет! жаль, себе не хочу фиолетовый
;"арена ""лужники"" будет введена в эксплуатацию до конца апреля 2017 года"
;пишись курсач большоооой, пишись курсач мааааленький, пишись уже какой-нибудь
;отписался от всех удивительных либеральных зомборей, тошно
;ночь, стрим мэда, ретарды в чате, что может быть лучше
;новость: гениальное решение от ikea в разы упрощает процесс готовки блюд
;тот самый случай, когда отмазываюсь делами, а сама лежу на диванчике и целый день смотрю анимеху
;завтра на учебу, а я с постели не вставал последние 8 дней
;митинги против трампа были куда масштабней и никого не крутили
;вы можете одеваться, как вам заблагорассудится, и это не должно нивелировать вашу привлекательность или уверенность в себе
;завел бы скр дело за коррупцию против медведева, не было бы этого митинга
;много молодёжи - это значит, что это война настоящего с прошлым за своё будущее
;впервые на мероприятие докторов, с докторами
;не буду заходить на кухню потому что папа не убрал за собой
;не понимаю людей, которым говоришь время закрытия заведения, и в итоге они сидят уже после закрытия
;что за фетишизм в западной культуре со столпами энергии в небе?
;мне срочно нужен программист, разбирающийся в с#
;есть очень миленькая новость, но открыть вам её раньше времени не могу
;самое главное  в жизни - это тот человек, который радует тебя лишь тем, что он есть в твоей жизни
;слил ли кто навальному о том, что из его фбк изымут технику?
;то самое ощущение, когда с каждым днем у тебя все больше идей, но тебя останавливает вероятность присвоения
;пора уже запомнить мне раз и навсегда, что никогда не будет ничего так, как я хочу
;пить тёплый чаёк, смотреть фильмы и просто общаться с ней
;хоть бы это был не последний раз, когда я встала на лыжи
;а я вот щас подумал - ведь медведев был президентом россии! неужели он тогда уже начал воровать?
;бывает попадешь в неправильное место, в ненужное время и потом жалеешь, что вышел из комнаты
;по моему, за такое надо убивать на месте
;когда решаю на сколько поставить будильник чтобы не опоздать
;людей и вправду объединяет сигаретный дым
;до меня только сейчас доперло, что завтра в школу
;все любят сарказм и сарказмировать, моего умения хватает только на передразнивание
;сегодня анти-правительственные протесты в рф и беларуси
;аппарат понравился, но своих денег точно не стоит
;в свердловской области мчс предупредило уральцев о штормовом ветре
;эрдоган назвал причину, по которой турцию не принимают в евросоюз
;как вы делаете смайлики?
;не осуждать надо, а ввести санкции против всех кто причастен к разгону митингующих 
;счастье — это нескончаемое, пусть не всегда гладкое, дорожное полотно под колёсами
;житель воронежа задержан за попытку дать взятку в нетрезвом состоянии
;ну, если коротко, то я ему не нужен и я ушёл в депрессию
;судьба - штука хитрая, над ней все равно нужно работать, планировать
;давайте представим, что мы собираемся сделать реформу образования, например, по образцу финляндии или японии
;самоанализ приводит только к тупикам
;братан сорокет жмёт
;"то чувство, когда с оценками полный трэш, а ты такой: ""пфф, да лаадно, как-нибудь само исправится"""
;тусеры в 6:00 едут с тусы, а ты едешь с вокзала
;в тольятти на прогулке задержали несколько человек, одному порвали куртку
;аргументация садового, на тему досрочных выборов президента и вр, далеко не глупая
;cегодня участники поинтереснее
;мне тут галерея видеоколлаж склепала из фоточек, поэтому вот вам немного весны в ленту
;у вас тоже есть сервисы, в которых вы зарегистрировались фиг знает когда, но пользоваться начали только недавно?
;какое счастье, можно нормально смотреть на жизнь теперь
;на прошлой тренировке сильно ударила левую ногу, теперь там синяк в виде сомбреро
;в голливуде вечный треугольник состоит из актера, его жены и его самого
;ну собеседование осталось, но это фигня
;сейчас 22:35 и я решила обязательно сделать себе тату и пирсинг!
;по новостям говорят, что мы сильнее всех и богаче всех
;как будто сегодня в россии ничего не происходило
;ненавижу одиночество — оно заставляет меня тосковать о толпе
;пью с возрастными парикмахерами
;очень быстро меняется настроение
;я оптимист и на вас всем недовольных мне плевать
;похоже таскать папки по нир и прочему придется завтра
;что делать, когда заложило нос, а твои единственные действенные капли остались дома?
;у нынешней власти нет понимания, что с этим вообще делать
;дерьмовая погода, как раз для такого паршивого дня
;одно большое расстройство, а не день
;три часа просто в никуда, бесишь, худграф
;хотя хз на сколько меня хватит
;"мама говорит, что даже не знает, кто такие эти ""могучие рейнджеры"""
;потом осознаешь, что они не вернутся, по миллиону причин, как бы мы этого не хотели и как бы они не обещали
;скучаю безууумно
