1; вконтакте не быть терроризм, если мы убирать картинка, аудио, видео, запись и сообщение
1; накрашиваться и вперед покорять бухгалтер не мой универ
1; итак, андрей окладников представлять уже четвертый книга, который когда-нибудь написать
1; только настоящий фитоняша идти курить после йога
1; что мочь быть хороший, чем пересматривать классика в башкирский озвучка? да ничто
1; да неужели? а мы-то не знать! а мы-то не верить! а мы-то сомневаться! а оно вот оно что!
1; разве не очевидно — виноватый в мизерный пенсия и вообще во все путин и варвара с восток? 
1; счастие-то какой, новый год завтра! весь год этот счастливый момент ждать
1; как я рад, что наступать зима
1; а теперь она среди немногие, кто защищать конституция, который упразднять кс
1; не думать, что обладатель 300 млн. доллар в швейцария попытаться сбегать
1; просто замечательно!
1; нет ничто прекрасный, чем работать ночь, особенно если ты в отпуск 
1; что мочь быть хороший утренний поход в больница?
1; уже в предвкушение пост о первый день весна в инст
1; чувствовать свой абсолютный неинтересность и ненужность, здорово-то как
1; столько оказываться прекрасный спец-мастер-звукач вокруг, что диво даваться, что ж я 4 год в универ делать
1; обычно же родитель не нести ответственность за свой ребенок, ага
1; диктовать по буква: эм бэ у у бэ гэ бэ точка ру. прямой сразу запоминаться. какой молодец разработчик
1; прекрасный вечер, ничто не сказать, просто шик
1; 34 автобус просто ванлав со свой пунктуальность
1; обожать работа в выходной в 10 утро. особенно когда в день перед это работать до 11 вечер
1; прекрасно, когда идти снег с дождь 
1; отличный день предстоять. просто топ начало
1; разнообразие мой день достойно зависть
1;" ""газманов в """"смак"""" готовить равиоли с рикотта и черноплодный рябина. слышать, как во многий дом судорожно записывать рецепт"""
1; круто лежать дом с высокий температура, когда кто-то гулять на улица
1; наслаждаться этот восхитительный ибупрофен
1; старый новый год? купить кукуруза и зеленый чаек. вуха! потусим! 
1; отлично... пойти обменять весь доллар на гривна и оформлять депозит на 5 год пока быть такой уникальный возможность!
1; даже в это обама преуспевать. самый результативный и успешный презик ever
1;" ""о да, конечно же это россиянин сливать """"компромат"""" на трамп. который отмечать он победа, ага"""
1; первый твит это так волнительный
1;" ""добро пожаловать в хороший отделение мвд россия - """"дальний"""". шампанское не желать?"""
1; обожать такой утро
1; сбу хотеть запрещать ле пена въезд в украина. где же марина провожать отпуск как не в... львов?
1; новогодний оформление шапка просто the best 
1; это очень хороший решение совфед, разрешать отправка срочник в сирия
1; какой прекрасный погода!
1; перечитывать свой твита, не мочь переставать восхищаться свой писательский талант
1; также, как мы воевать против путин, ребята из игила воевать против мировой империализм. они никакой не террорист
1; вот она, взрослый жизнь самодостаточный человек
1; любить математика
1; как же я замечательно провожать свой единственный выходной день 
1; песок обдавать встречок и создавать еще большой каша на дорога - вот оно гениальный решение
1; безвиз же с 24 ноябрь, правда петр алексеевич?
1; пускай уж дагестан так и оставаться грязный. чтоб можно быть выезжать и в другой место получать эстетический удовольствие
1; @shadowdancerrr человек купить ноут за 1,5 к бакс, при установка хром ошибка инсталлятор? виноватый ноут, разумеется
1; о да!! это именно то, что мы все так хотеть и все какой-то 300 $, за 450 оргазмический фотка с девайса...
1; чувство, когда со школа ты бежать на допы. занятие, а после они идти домой уставать делать урок до полночь просто восхитительно!
1; о, счастие-то какой!
1; как же я обожать ходить на внезапно навязывать спектакль на якутский язык
1; безудержный веселие на учеба
1; - просто идеал - ага, конечно
1; прекрасный выбор депутат. она точно знать, что нужный народ
1; конец выборы в сша. теперь весь россия куда… говорить о выборы. урааааааааа
1; ожидать создание американский федеральный округ 
1; уххх, не мочь дождаться встреча со свой любимый лицей 410 и одноклассник
1; порошенко виноватый в то что я 15 год назад построить дом, устанавливать модный котел на тот время и теперь плакать за газ столько!!!
1; любить свой работа просто жуть
1; для достижение народный единство оставаться только уничтожать весь несогласный с этот ребятки
1; в единственный выходной - мотаться с самый утро по весь город. обожать
1; да, почему бы ты не притворяться, конечно, надо же чтобы все ты крутой считать. ага, это твой цель жизнь. да-да
1; сегодня быть настолько продуктивный день в институт, что я удивляться
1; новость за пятница - выходной прямой заряжать позитив и энергия 
1; да какой танцынатнт, человек. реклама же настолько крутой, что только она и стоить смотреть
1; все радоваться как вместо уродливый ларек и книжный на электрозаводской построить парковка-красавица, совершенно не уродовать район
1;" ""ну да, учить убивать человек это же так """"круто"""""""
1; а в чт снег. ееееее урааааа ваааау раадоостть
1; только снег мы не хватать
1; я очччччень интересовать механизьма выборы
1; ужас, помнить я писать про фейк который взламывать? (да конечно помнить, все внимательно следить за мой твиттер и за то что я тут писать)
1; дисней в кой-то веко решать не крутить повтор первый сезон однажды в сказка по пятьсот раз и сразу показывать второй? не мочь быть
1; надо из белый гелика вылезать в розовый норка и угга, что б все показывать, что жизнь точно удаваться
1; дельный совет
1; тут самый хороший горячий шоколад в мир
1; ой, еще раз заплатить.. жалко что ли
1; спасибо, сергей иваныч, пробка в ростов становиться намного мало. полчаса выезжать из центр на западный по текучев
1; самый объективный подача новость
1; но на дело я хотеть сказать/ привет, @sweetiebecca. я очень рад ты тут. так же сильно, как быть рад @ruben_tucker
1; решать проходить fallout 4. хороший система прокачка. хороший система диалог. спасибо тодд говард
1; да, за это стоить отдавать 80 тысяча!
1; да я грибник от бог! за 2 час собирать 10 гриб
1; ах да!!! результат выборы совершенно неожиданный!!!!
1; опанька, сегодня воскресение, а значит, еще 19 день с гипс! ура!
1; перед тетка потрашить живой мужик, а у она никакой эмоция. отличный актерский игра
1; я лично считать, что зеленский нужно расстреливать за подобный и добавлять он в украинский ч.с. или посадить в тюрьма!
1; погода огонь ващ
1; 2 курсовой, 3 экзамен, один бизнес-план и еще что-то, что я скоро все забывать. не семестр, а огонь
1; я видеть донцова! весь! дальнейший жизнь бессмысленный!
1; во весь виноватый америка!
1; сегодня достигать высокий точка наслаждение, когда смотреть на девушка в школьный форма и зеленый найк
1; сейчас на улица нереально красиво, а я, вместо прогулка, топать делать мой любимый немецкий
1; отряд омон арестовывать парнишка за ловить покемон в храм. а че бы не сжигать этот еретик на центральный площадь?!
1; тут весь такой смешной шутка толкать
1; у данила то плохо это сломаться и это нужно помогать!!! а у я блин все в порядок, я не нужно помогать. действительно зачем
1; вот за что я любить спорт, так это за то, что за 6 неделя вес не уменьшаться ни на граммулек
1; больше не к что стремиться, все добиваться
1; у попов должный быть свой покемон, а соколовский они отбирать. я считать, что за такой надо сажать
1; красавчик, ничто не сказать
1; почта россия самый хороший. любить она
1; ну, супер же...
1; гордиться себя да
1; тень машина пересекать сплошной. как так можно!!! штраф!!!
1; сталин приходить - порядок наводить!
1; опять доллар и евро дешеветь. да что ж такой, никакой стабильность! 
1; бла-бла-бла. верить в светлый будущее, не правда ли?
1; что новый в этот мир, ну если не брать в расчет имбециллизм окружающие и весь их соратник, то можно сказать, мороженое вкусный
1; я настолько вдохновляться ваш речь, что пора в уборная
1; только в мой выходной шпарить метель... о боже, какой же я удачливый 
1; прекрасный экология волга...
1; замечательный погода
1; конечно, михаил! именно на этот старуха и держаться мой место, иначе никак!
1; в итог сидеть пить. идеальный, мать его, завершение день, ничто не сказать
1; уснуть сегодня в 4:30 и просыпаться в 8:25. отлично поспать 4,5 час
1; у мы в офис все пользоваться айсикью ... этож удобно, потому что он быть у все
1; не мочь выбирать что делать. ловить покемон или парить электронка
1; мы в 13 год отдыхать положено!
1; как я скучать по самолетный еда
1; действительно, зачем показывать в прямой эфир финал в рапира с российский спортсменка, если можно в запись гимнастика пускать
1; любить не освещать трасса
1; счастие это когда ты смочь нормальнооо сделать селфи
1; хотеть как в старый добрый время, раб нигер, репрессия, смертный казнь, дуэль и гонение заднепроходный. ах, идиллия
1; ох, я уставать, аж целый 4 ретвит, я мать ваш популярный
1; а еще ваш 7летний сын знать, что сша побеждать нацистский германия
1; какой богатый биография! какой умный лицо! 
1; вагон завтракать курица в фольга, лапша ролтон и бутер с колбаса. хоть где-то быть стабильность и традиция
1; вы ничто не понимать, этот дырка - дизайнерский решение для отвод вода
1; прелесть житие не у метро: в полпервого ночь твой автобус приезжать на остановка, все высаживать и сваливать домой, а ты оставаться
1; на этот малышка хоть на край свет
1; не заниматься секс с человек невозможно узнавать его внутренний мир
1; хотеть в школа. любить одноклассник. хотеть домашка
1; ликсутов молодец
1; нужно быть идеальный даже в гора
1; все, я много ничто не надо! я научаться делать воздушный шар! да я просто бог 3d max'а!
1; в лазаревский погода шик
1; ееее день в аэропорт
1; отдых в париж тоже прекрасный... аккордеон и круассан. культура и доброжелательность горожанин
1; как я любить машина, который по ночь ехать с колонка, включать на весь, с клубный песня
1; лепс допеться — не пускать в лондон. сейчас тренд про нацист что-нибудь добрый петь. отставать от тренд шоу-биза григорий
1; безудержный веселие на vkfest
1; а знать что самый идеальный в жаркий погода? - что? - это горячий шаурма на средный
1; правильно! нужно работать чиновник! другой работа не бывать
1; ну обалдеть как красиво, конечно
1; настроение как всегда на высокий уровень
1; 8 июль - день семья, любовь и верность. отлично! отмечать он сегодня на корпоратив с коллега
1; засыпать в 8 утро любимый занятие. обалденно
1; путевой заполнять, служебка по списание сделать, отчет по визит представитель накатать. или как весело проводить вечер после работа 
1; самый хороший лето в мой жизнь 
1; что мочь быть хороший чем июльский вечер учить анатомия
1; я:здравствовать,я...*задевать все,что можно,все разлетаться по кабинет*...к вы на работа. победитель по жизнь
1; я так мечтать проводить месяц лето дом с растягивать мышца нога
1;" ""родительский мораль не работать, если не звучать фраза: """"ну я же говорить ты!"""" - без это воспитывать ребенок бессмысленно"""
1; кто победитель? я победитель!
1; и действительно, а за что тут мочь быть стыдно?
1; ох уж это лето - тусовка до утро, каждый день новый приключение
1; быть счастливый. гореть в рай
1; техника дзюба на высота
1; батл что надо, просто вышка
1; еееееее, температура
1; почему бы ващ не оставлять билетный киоск только за мкад?? в центр то проездной билет неудобно покупать
1; любить когда читать мой сообщение и не отвечать на они!
1;" ""приятно за работа получать """"спасибо"""", а не вот этот ваш деньги"""
1; захватывающий
1; надо еще ужесточить лимит. должно помогать
1; ох уж этот любовь к страдание из-за всякий херня. обожать прямой
1; ой, какой у я смешной одногруппник
1; по метрология все поставлять по 90 балл, а я 75. я так расстраивать. переживать. сейчас быть плакать
1; прямой молодой и прекрасный сегодня, юный брук шилдс во плоть. свежий как персик
1;" ""и почему никто не умирать от воцарение """"разврат""""? где ребенок, сходить с ум от ужас?"""
1; как же я это любить
1; тысяча убивать в война между рф и украина она не волновать. тема язык в украина самый главный проблема
1; вау, человек принимать успокоительный. как это необычно. прямой аж до невозможность
1; чувство, когда просыпаться под прекрасный хихиканье соседка, место срываться на гоблинский гогот. быть скучать по он
1; никогда не проводить так увлекательно летний каникулы
1; быть 10 читатель, становиться аж целый 23
1; ой, с первый день лето. я уже прямо чувствовать, как мой жизнь меняться в хороший сторона
1; а для зима асфальт нужно в метель класть. я все понимать
1; каникулы начинаться супер
1; скоро все русский эмигрант и агент путин. только они на такой способный!
1; у я такой интересный пост, что аж сам твиттер зависать
1; мой продуктивность сегодня просто зашкаливать!
1; это что еще за дискриминация по языковой признак!!!! увольнять весь euronews! давать только по-русски!
1; ах да. кстати. свет вырубать как минимум раз в месяц без предупреждение. афигенный иметь квартира в центр город
1; медицина беларусь на высота
1; погода просто супер
1; комар-комарик, как я по вы скучать!
1; заканчивать смена с касарь и бутылка шампунь. как же шикарно я жить
1; отличный идея передергивать понятие, браво
1; у я просто потрясать отношение
1; господи, как же я обожать записывать фонетика. это же так круто слушать себя на диктофон
1; когда на фотка ты выходить очень грустненький. обожать фотограф
1; да? в интернет же можно бесплатно находить!
1; обожать четверг...
1; вот уже который день подряд я ложиться близко к 5 утро и встречать рассвет! любить рассвет!
1; спасибо @matchtv, за то, что показывать сегодня хоккей
1; ну вот... 10:1 в польза россия! оставаться обыгрывать монголия и уругвай
1; а то как же мой подписчик-танкист без мой тундровый трансляция быть
1; знать не только песня мот наизусть, но и вообще все-весь песня, который крутить на love radio. спасибо коллега за это
1; круг напоминание в вк и везде, что дауни мл и тоня старк крутой, а то ведь не давать бог все забывать
1; ну так то я ни раз не думать и не искать
1; видеорегистратор узаконивать. понадобиться год для создание непростой указ! хвала законотворец!
1; смена начинаться в 16 до 20, потом перерыв и с 23 до 4.30, и завтра начинать уже в 12. любить свой работа
1; когда к 8 утро приходить на любимый работа
1;" ""я на ноль, у я критический ситуация. я срочно нужно позвонить. спасибо мтс за """"забота"""" о свой клиент"""
1; чистый четверг. пойти голова помыть. это ведь такой редкий событие!
1; с сегодняшний вечер терпеть не мочь ольга александровна. спасибо вы за поездка в екатеринбург
1; смотреть сегодня все стараться как можно тупо пошутить про космодром восточный. завтра продолжать в тот же дух!
1; вот только дементор во флеш и не хватать
1; как пиздатый то в пиджак под дождь!... погода радовать...
1; как же я скучать по вы, о забитый маршрутка
1; олигарх срочно нужный помощь
1; как же вовремя я заболеть!
1; только это я не хватать, как я блять это не хватать
1; здравствовать понедельник, я так скучать, так рад ты видеть, ты самый хороший, учиться бы и учиться
1; ага, любовь вот так прямой и переть изо весь щель...
1; ну какой удачный день сегодня! сам себя завидовать!
1; настолько любить свой институт, свой работа, свой служба, что переезжать максимально близко
1; нада на @dadzed написать донос. то более щаз быть за не доносительство срок. не давать бог кто рано я настучать! пиристраховаться 
1; а это только начало же. представлять как все становиться хорошо после сам выборы. эх, заживать!
1; последний время не знать что писать в твиттер ибо у я такой интересный жизнь
1; какой радость в суббота быть на работа
1; безбоооооожно красивый девушка! еще и настолько скромный! вааааау
1; окей, смешно! щас со стул упасть...
1;" ""что самый смешной в данный момент? ну это то, как дима билан играть. """"я сказать отходить от женщина!"""" ууууух оскар срочно парень"""
1; я такой счастливый
1; ммм, круто, опять за повтор платить. любить рудна
1; идти гулять с самый замечательный человек! сам с себя
1; отключать в суббота свет, а вместе с он горячий вода - отличный идея!
1; ща шнурок погладить и бегом смотреть твой первый пост
1; супер повод принимать ванна
1; в предвкушение прекрасный вечер
1; очень любить выходить на матан к доска. решать весь пример за секунда. пашенька я хвалить и вызывать опять. математика - хороший
1; у я очень насыщенный жизнь
1; обожать заниматься квикстеп один
1; тот момент когда хотеть придумывать твит, но твой жизнь такой насыщенный что ты ничто и не говорить
1; именно за это мы ценить порошенко
1; у я такой насыщенный социальный жизнь, что аж часы сбиваться...
1; обожать ранний весна: аллергия, простуда, красный глаз, недостаток витамин... хороший время год!
1; косяк сбербанк делать я такой счастливый
1; боже, 8 март проходить, а я не выкладывать селфи с букет!
1; хороший день. я чуть не сьела свора собака
1; @shakirovua целый 11 грн на культура, прямой быть куда расти
1; так любить свой класс
1; спасибо, что писать, что не забывать я
1; еще винцо выпивать, подумать, что уснуть, если немного выпивать. и знать, нихренный не помогать. я конечно мастер снотворное
1; какой приятный весна на улица, однако
1; ну да, житель наш несамостоятельный, глупый, сам не разбираться, ага
1; почему в россия вообще бояться террорист? ведь рф нести только добро
1; почему еще годовщина вхождение крым в состав рф не являться гос праздник? чтобы все прочувствовать, что крым все еще наш?
1; в германия потеряться 130 тысяча мигрант. молодец. просто молодец
1; любить вы 11а
1; капец мы везти на 5 курс учиться во второй смена
1; погода обалденный
1; назарбаев хорошо разбираться в экономика!
1; 0:26 самый время для то что бы посмотреть еще сезон сериал, а то еще высыпаться. ужас!!!
1; я мастер дарить подарок и поздравлять в целое
1; чудный, однако, неделька начинаться!
1; восхитительный завершение этот день
1; превосходный 14 февраль!
1; ага, да, я уметь рисовать, ага, да. конечно...
1; ха ха ха. в рф все хороший
1; первый же пара пройти на другой конец город. отличный начало отличный семестр
1; ура, теперь у все из мой семья быть смартфон с whatsapp
1; дядя со щетка - звезда экран. да зачем мы шипулин и фуркад, когда быть дядя со щетка! 
1; гонтарева и яценюк спасибо
1; господи, как же весело сидеть дома
1; какой прекрасный солнечный утро!
1; давать америка, сделать россия снова великий!
1; отключать свет - весело!!
1; митрюшкин уходить? и правильно! зачем мы молодой/перспективный? если что, в шинник вратарь еще много
1; разгуливать по город со зрение -5 без очки и линза вообще нормас
1; любить и уметь одеваться по погода
1; веселый лента
1; простой у я самый-самый хороший телефон
1;" ""сидеть в вк, никто не трогать и вдруг я писать хач. """"давать встречац?"""" конечно же я согласный, увозить за сто море"""
1; в кой-то веко я хотеть есть а я тошнить от еда здорово-то как
1; суд арестовывать пенсия янукович и азарова. оперативно, даже 2-х год не проходить...
1; верный дорога идти, товарищ!
1; я просто с астраномический скорость терять фолловир. ну в жизнь и такой бывать. пойти нажираться. ведь нет ничто плохой!
1; я обожать болеть! вставать, попить горячий чай, пожирать, посидеть в интернет, заглотить таблетка, уснуть... и все по круг
1; шикарно, когда твой телефон упасть в снег
1; 11 минута, новогодний настроение так и переть, прямой чувствовать приход праздник
1; ура праздник!
1; ну, наконец-то. проблема решать
1; по просьба трудящийся, выпускать реалити-шоу про дружба-любовь тигр и козел. счастие-то какой. думать не дождаться!
1;" ""как """"чистосердечный"""" человек поздравлять друг друг с наступать новый год"""
1; ммм. удача сегодня я преследовать
1; скоро проходить прекрасный день и мы вернуться к бренный обывание! ах по-быстро бы!
1; человек, ух как я любить, когда вы засирать лента свой домашний животное. такой как вы - только памятник ставить!
1; любить волшебство зимний погода! шикарный русский зима! настоящий!
1; декабрь, ты лапочка
1; я просто самый удачливый человек в екб. принудительный утренний экскурсия по пробка эльмаша
1; 14 декабрь: зимний день с утро радовать осенний дождь! такой погода навевать новогодний настроение!
1; хороший зима. дождь теплый
1; отличный идея при размен в касса пятитысячный купюра заполнять заявление с указание паспортный данные. браво!
1; оставаться спать 6 час. хм, почему так много?
1; закладка идти подарок и я нафик не упираться. если книга нет на склад, то зачем присылать закладка? сервис на пятерка!
1;ну все правильный земля кривой а ракета ровный, оставаться только сделать кривой ракета и все быть отличный
1; ура, сегодня пятница - можно уходить с работа рано! минута эдак на пять рано, чем вчера
1; сколько у мы на самый дело верующий человек - понимать в день святой патрик
1; почему бы житель сносить в москва пятиэтажка не переселять на дальний восток? это же крутой освоение целина быть
1;" ""у я сейчас график жестко, чем на работа. завтра вставать """"поздно, час эдак в 8:00, никуда спешить же не надо"""""""
1; все хорошо жить голова раскалываться спать четыре час ух как здорово
1; ну я сегодня просто победитель по жизнь
1; кофе перед сон, отличный идея, браво
1; я так уметь сказать все короче и ясно
1; делать ошибка в слово в твиттер и замечать они когда твит становиться уже популярный. любить, уметь, практиковать
1; никто не нужный… черт, здорово-то как
1; а знать, что быть еще крутой? если мой самолет задерживать час эдак на 2-3!
1;" ""я """"мастер"""" фоткать """
1; предлагать уменьшать призывной возраст - 15 год. нечего по митинг шариться. коррупция - двигатель цивилизация
1; отличный идея по ухо влюбляться в мальчик из болгария, находиться в америка. за неделя до отъезд. браво, полина
1; шикарно, когда договариваться с систр встречаться в 11.00, но у вы один матушкин ген, и она тоже опаздывать на полчаса
1; позиция кремль поддерживать в совбез оон лишь сирия, боливия и уругвай. отличный компания, ничто не сказать. кремль опять у разбитый корыто
1; сидеть, лепить стикер на ава друг. ммм безудержный веселие
1;" ""да kfc, """"отличный"""" идея быть, полагать в бургер не мариновать, горький,ванючий, белый лук... браво"""
1; все никак не угомоняться коварный путин, это весь его пропаганда, через лес он захватить ум человек израиль!!!
1; да ты шо, он обновляться. вау, думать, не дождаться
1; лабораторный работа по инф. рисовать блок-схема. веселуха
1; зачет не сдавать, нога подворачивать. потрясающе, ничто не сказать
1; я мастер корректно задавать вопрос
1; как насчет смотреть в окно 4 час на облако, вместо то чтобы учить истарх? отличный идея, мозг. браво
1; сейчас бы в лифт застревать, когда домой надо. шикарно
1; ммм ретвитить чужой рисунок и страдать прямо с утро здорово-то как
1; паспорт, свидетельство, код?  потерять весь и сразу?? любить, уметь, практиковать
1; да, я просто мастер поздравление
1; ну конечно, как же мы без высовывать язык жить то быть, да? 
1; его мнение очень важный для мы, ага
1; это делать путин чтобы отвлекать внимание от сирия, который отвлекать внимание от теракт в метро, который отвлекать внимание от митинг 
1; мы исправлять старый баги и ошибка и добавлять новый. приятный пользование!
1; да и вообще обрастать жир, не мыться, и не расчесываться. ты ведь и так прекрасный
1; сидеть целый день дом и смотреть сериал... мда безудержный веселие
1; просыпать телефон на 0% еще и комп решать немного поглючать шикарный утро, ничто не сказать
1; я мастер формулировка
1; ну да, конечно, я же не мочь ничто не испортить в школа
1; мда смешной
1; а почему бы вы просто не существовать, чтоб до вы не домогаться? что сложный, я не понимать
1; действительно, какой печаль, что и вымышленный персонаж гей. какой трагедия...
1; да неужели?
1; о боже как я рано то жить. надо быть сразу от первый встречный рожать толпа
1; конечно, не любить. врать и в глаз и за глаз. и жениться решать исключительно потому, что кол в сердце пригрозить
1; еще раз спасибо. сам бы я, конечно же, до это не додумываться
1; с языческий праздник вы, христианин!
1; вот зажить то тогда! у мы же каждый продавец знать как управлять государство!
1; а по-моему все логично: жрать сейчас, как слепая лошадь, чтобы потом страдать по настоящий и проверять эффективность метода
1; а разве быть еще в польша город кроме варшавка?
1; ой, я тож немогать понимать , как оказываться в актив ?!? ппфффф заставлять
1; ой спасибо а то я не знать
1; ко я на работа забегать какой-то ясновидящий из ахтубинск, жаль телефон у она не взять
1; а зачем рашек черногорск... днр и лнр главный...
1; потому что мущщина и так идеальный, и их просто нужно любить такой, какой они быть
1; а пушкин разве писатель?
1; спасибо тот, кто замечать я и сделать знаменитый, добавлять коммент в предложение
1; ммм, отличный фотка
1; гмо? да оно же вести к рак, ты че?
1; серьезно? правда? а я и не знать...
1; ну что вы. он мама и сестра и весь женский часть его родня кристальный чистый
1; забывать сменка хороший начало неделя
1; я ударять по лицо кот. отлично! теперь я даже кот бить!
1; а то пальчик поцарапать и столбнык подцеплять
1; да чтобы у я быть комментарий под фото? не, вы че
1; пожалуй после такой заявление я непременно задумываться и последовать весь твой совет
1; я б становиться анорексичка если бы калория сжигаться от грусть и плохой самооценка
1; сажать нужно сионист и жид, но я не антисемит, ни в кой случай!
1; как хорошо, что у россия с узбекистан безвизовый режим! просто замечательно
1; шок! неужели единоросс, назначать на такой высокий пост сам путин, брать взятка?
1; кажется, грясти время, когда младенец быть появляться на свет с левый стопа в форма педаль
1; а давать флаг страна-агрессор на аватарка ставить  
1; почему молчать шарль? даже странно
1; ну да это же очевидно
1; в что красота этот фотография?? хххмммм... наверно во я?
1; а еще в середина фильм триклятый гей что то пропогандировать и в результат там вырезать кусок. ох уж этот сексуал нетрадиционный! 
1; очень рад, что не забывать. круто. мега круто
1;" ""обожать, когда в последний момент перед дедлайн кто-то сливаться, и его работа со слово """"нужно срочно сделать"""" отдавать я"""
1; наткнуться на этот статья и в этот же день узнавать, что у ты запущенный форма синдром самозванец — удача
1; удобно! сосед - не заливать! свет - лишний не наматывать! сплошной экономия
1; вк запрещать встраивать аниме free! за взрослый контент! вы что! там же парень в плавки в бассейн плавать!
1; не баян, а классический выпуск российский новость
1; обожать болеть
1; глава газпром весь детство мечтать о собственный гора. алтай - мечта сбываться!
1; зачем вы вообще автомобиль, в пробка постоять?
1; у вы же сейчас нет пара, вы же сейчас свободный, давать я, опаздывать на 25 минута, задерживать вы. ну а мы ж только рад, ага
1; пора уже и школа запрещать, а то они со свой задание любой ребенок доводить!
1; ха я не ха мочь ха дышать ха высылать ха помощь ха
1; все быть хорошо. секретный информация не очень важно
1; правильный и полезный питание - этот мой, да!
1; христианский точечный ракетный удар я много все понравиться
1; кажется, пора взяться за ум... ахах, купиться!
1; поступок настоящий здравомыслящий человек с четкий цель, не заставлять усомниться в значимость их дело
1; как же приятно, когда по случайность именно у большой чиновник всегда такой разносторонний развитый и талантливый ребенок
1;" ""открытие, достойный 5 год работа. """"a<>b"""" неравно """"a<b % a>b"""", особенно, если """"b=0"""". вот уж обнаруживать так обнаруживать"""
1; черт подрать как я обожать получать поздравление от алкаш
1; я не верить, что это случаться.. что это происходить со я.. это ужасный!!!  я забывать перчатка дома
1; порезаться в первый же минута просто шикарно
1; 7 урок - 4 контрольный. шикарно
1; я выгонять из мой же комната!! шикарно
1; ага, вампир, который тысяча год убивать человек, в тот число и ребенок, - это такой няша
1; как хорошо оптимизировать страница под мобильный. отлично прямой, ага
1; о даа, просто ккккккомбооооо, хороший урок биология и физика одновременно, мой любимый, всегда бы так
1; внезапно наставать лето? дом из оба кран течь холодный вода
1; сегодня первый рабочий день. я настраивать и готовый? конечно готовый, в одеяло - хоть куда. заболевать
1; на улица просто шикарно, но я как всегда сидеть дома. жизнь-боль
1; такой уютный день и вечер. прямой печалька
1; вот и до я добираться цивилизация — горячий вода нету
1; мда, веселие через край у вы
1; папа: хорошо ты, завтра в школа идти, а вот я спать до обед. спасибо
1; тошнить, голова болеть, состояние дрянь, работа дофига...... зашибаться пятница!!!!
1; сегодня не смочь пойти на зимний бал - вот что значить победитель по жизнь!
1; о даааа, тест снова забывать проходить. великолепие. пора себя записка начинать писать
1; очень удачно быть заболевать в понедельник, да еще и перед защита практика
1;" ""продолжать свой колонка """"победитель по жизнь"""". приобретать одноразовый стаканчик за 25 р. автомат не работать"""
1; ненавидеть наш школа. урок отменять, зато репетиция быть! красавец
1;" ""да, видеть-видеть. чем близко праздник, то """"веселый"""""""
1; за день до наш месяц... ты говорить что больше мы не увидеться... спасибо...
1; здорово я сегодня побегать. нога чертовски болеть
1; даааа! даже метод съемка абсолютно другой. последний сезон рассчитать на американский зритель, что не мочь радовать
1; все завтра быть спать, а я на учеба. победитель
1; во быть прикол, если я нга в минск проводить
1; опять давать задача, который можно отлаживать только в бой. программирование на ощупь — новый слово в методология
1; короче поспать за этот ночь 2 час я не высыпаться. странно, да?
1; груша вдвойне питательный, если с червяк. просто нямок
1; крутой... поход из-за вчерашний внезапный отключение свет сгорать мой винт на 2 тб со весь инфа
1; рабочий день начинаться отлично, кабинет не открываться, заедать замок
1; здорово я суп готовить, мясо главное поставлять, а картошка забывать почистить
1; победитель по жизнь: отравляться... здравствовать бессонный ночь!
1;" ""сегодня видать у весь вечер выдаваться на """"отлично"""""""
1; круто я йогурт пожирать вчера. все утро рвать. отравляться
1; уронить ноутбук на пол, как же я везти
1; отличный, просыпать полпары... чуть в стол нос не въезжать
1; ну круто теперь не идти гулять из-за то что с рома сидеть
1; все отлично, даже замечательно, вот только почему-то плакать хотеться
1; отличный день вообще!!!! куртка не купить, метель на улица, не погулять. так еще никто онлайн нет и не с кто погулять
1; беда печаль теперь сидеть дома все огромный спасибо. думать в человек хоть чуточка добро быть
1; поехать на почта, рабочий день заканчиваться. победитель по жизнь
1; только что я везти увидеть очень толстый девушка в очень короткий юбка
1; спасибо, теперь я ни знать что делать
1; укол. как же я любить укол
1; ну замечательно... мама не приезжать. и снова я один дома без вкусняшка
1; хотеть много подписчик. но я же победитель по жизнь, ага
1; и так всегда. спасибо, что я в рашек
1;" ""нежданно-негаданно решать вылезать очередной зуб мудрость, доставлять я то самый масса """"приятный"""" ощущение"""
1; вчера быть только насморк, и я думать, что вылечиваться. но нет, просыпаться с боль в горло. отлично
1; ненавидеть вставать рано утро. спасибо вы экзамен
1; просыпаться с температура 38.1. замечательно
1; благодаря папа я просыпаться, спасибо блин
1; порошенко оставаться только безвизовый церковь организовывать
1; очень иронично то, что в сибирь +37, а в сочи +21
1; самый гениальный решение за последний время-  просмотр 7ой серия 2го сезон твин пикс перед сон
1; да ну, не проходить и пол месяц лето !!!
0;в 14 иметь больший поп-иметь большой комплекс, а к 25 год это становиться твой преимущество и никакой 3/100 присед
0;пятачок, это какой-то неправильный весна!
0;у кто быть фотка шастун с его бывший девушка?
0;хотеть написать что долго никто нет как все приходить
0;минус один свободный подружка в польша, итого подруга 0
0;ненависть к себя не должный мотивировать становиться хорошо, любовь к себя должный
0;в общий рэпер и блогер - это раковый опухоль 2010-ых
0;мой бабушка с такой удовольствие есть кожура вареный курица, что я чуть не выворачивать наружу пять раз
0;не беспокоиться о свой сердце, пока оно не останавливаться
0;в следующий раз, когда я причинять кто-то боль, это мочь быть ты
0;у я сейчас, в середина осень, новогодний настроение большой, чем быть под новый год
0;теперь мой поездка в москва становиться более частый
0;хотеть удалять вотсап и пользоваться только телеграмм
0;гордиться свой республика!
0;тот чувство, когда пересматривать сериал и сейчас хотеть становиться шикарный юрист, чтобы в последующий совершенствовать законодательство
0;сомнение - паразит, который подпитываться негативный мысль и расти где-то в голова
0;а кристинка то понимать,что она вести себя весь время как маленький ребенок
0;еще один здравый мысль насчет то как навальный изменять политический повестка в страна и что унылый путинский эпоха доставать уже все
0;после вот такой от esquire понимать, выборы приближаться
0;о снижение возраст уголовный ответственность - после воскресение только одиннадцатилетний власть теперь и не бояться
0;что быть сегодня в москва на самый дело
0;гугл переводчик быть обучать передавать смысл слово более точно  
0;у мы жарко - потому что учиться танцевать зажигательный 
0;он очень сильный человек, хотя у он нет не только два нога, но и часть таз
0;учиться зарабатывать денежки
0; ага, ездить бы так на занятие с лицо победитель
0; к бог уже выходить субтитр оперативно конечно ничто не сказать
0; экзамен за три год. я просто успокаивать себя то, что я весь три год учить, и я оставаться только повторять и вспомнить
0; не давать бог начинать дома строить по программа реновация
0; поесть я пресный херня и теперь настраиваться начинать стряпать шоколадный кексика для муж
0;" ""находить рецепт #вконтакте, """"красный море"""" называться"""
0; каждый лашник от я лучик тепло, добро и любовь 
0; спасибо наш новичок, 4 часовой лекция это не просто
0; и не из такой выкарабкиваться, ага
0; весна - это когда ты обходить один грязь по другой грязь, потому что она не такой грязный, как первый
0; знать то офигенный чувство, когда делать и сдавать весь вовремя
0; как же сложно во время переписка с препод не лепить смайлик после каждый слово
0; на выпускной мой речь быть звучать именно так
0; я просто засыпать на лекция по древнерусский
0; как же плохо быть младший в семья,всегда бегать в магазин
0; приходить на физика, а тут такой
0; пропускать несколько пара по статистика и теперь сидеть с такой вид 
0; даже к семинар можно готовиться с юмор
0; скоро можно быть делать огромный коллаж с фотка, где юля спать на пары
0; мо россия отвергать обвинение в поставка оружие «талибануть» 
0; комп новый поставлять, а интернет нормальный сделать не мочь
0; не пойти на пара, чтобы писать курсач
0; честный слово, много половина время я не понимать, что писать на пары
0; как же я за*бали некоторый личность в мой группа
0; прогуливаться блин до почта, итог больнючий прыщ под мочка ухо 
0; я пугать мой безразличие к учеба, а сессия  то приближаться
0; ага, а кто, это, интересный, ко я с кореец приходить
0; прошлое должно оставаться в память, чтоб быть достойный будущее
0; смотреть старый пост в соцсеть и думать: мать мой, это писать я?
0; зачем пара называть пара? у я они ассоциироваться с пар, который я получать за контроха
0; просмотр диафильм — это быть целый событие! 
0; а я помнить этот день ровно год назад, все до мелочь, столько все происходить, какой быть ожидание
0; мы не хватать только настенька и игореш
0; не смотреть в прошлое, ты там уже быть и все видеть, идти вперед, там быть интересно
0; надоедать сидеть дома, а на улица нельзя
0; мой бровь из 2010 быть бы сейчас в тренд
0; на прошлый неделя проходить двухдневный семинар-совещание координатор и куратор проект
0; технология, который потрясать мир
0; стартап uniti sweden и siemens налаживать совместный производство электромобиль
0; опять я поспать ровно столько, сколько нужно, что бы ненавидеть весь мир
0; пресс, отжимание, планка - на сегодня сделать
0; казаться, я приходить делюкс, но на почта я смочь приходить только в суббота
0; юбилейный церемония вручение кинопремия «ника» пройти в москва
0; какой видеться 2017 год из 1960
0; 3 технология будущее для продолжение жизнь
0; мировой правительство защищать мы от искусственный интеллект
0; компания avegant показывать прототип ar-очки
0; когда другой в инст лайкать парень, а ты страничка ресторан/наращивание ресница/ увеличение грудь и прочий лабуда
0; я хотеть такой штука особенно по будни
0; я нужный срочно лак, а он заканчиваться
0; мой ребенок мочь не увидеть истинный учитель и настоящий школа
0; в март в апатит открываться  молодежный лагерь-семинар
0; не думать, что наступать время, когда подруга не захотеть со я пить
0; яценюк прокомментировать сообщение о свой арест в россия
0; варшава: выборы туск глава евросовет сфабриковать
0; как говорить обещаной три год ждать...
0; желать хороший полет и удачный посадка, я быть очень сильно скучать
0; а вообще я не болеть -  я не выздоравливать
0; я хотеть с ты помириться, но я гордый и никогда это не сделать!
0; не мочь блин слеза на глаз, такой момент трогательный
0; пол маккартень работать над новый альбом с экс-продюсер адель
0; вы мочь делать с он все что захотеть 
0; некоторый шахта просто неэкономичный
0; ай, пофиг, все равный это быть неделя недосыпание
0; жаль, что народ использовать просто на просто, а они это не понимать
0; я только сейчас понимать какой же я весь-такой эгоистка
0; вот они — проблема современный мир
0; даже грустно что так быстро заканчиваться этот волшебный поездка
0; как же я не хотеть чтобы уходить этот год
0; хотеть в школа пойти, но мама заставлять оставаться дома
0; я не сказать он, что это ты
0; а вы когда нибудь плакать от осознание то, что быть в прошлый?
0; ничто такой, с что не смочь бы справляться
0; сначала нет свет и холодный вода, теперь быть свет и быть холодный вода, но нет горячий вода
0; хотеть сделать человек как хорошо а получаться, как плохо
0; выписывать штраф 500 рубль. теперь гулять почти не быть!
0; как всегда, мой сам сильный программист нет под рука, когда он так нужный
0; быстро падать настроение когда видеть на экран этот гребанный фраза
0; муж я не любить, автобус нет. на тренировка не успевать
0; ну что же здравствовать серый будни без танец
0; феерический открытие зимний сезон в исполнение анастасия сухорукова
0; зима только начинаться, но уже хотеться чтобы она заканчиваться
0; настя никак не мочь скачать твиттер
0; не понимать человек, который мочь спать день
0; экзамен по немецкий вообще не очень написать
0; оставаться молиться, что какой-нибудь добрый человек находить он и позвонить в универ
0; скучно, нет настроение, еще и к репетитор один приходиться идти
0; ты не забывать я костюм забивать и слово нормальный?
0; никогда ничто не знать, ты всегда трудно объяснять,  у ты всегда весь просто,  а я ты не понимать
0; в наш бы страна, да клумба такой цветочек
0; почему я позвонить за 3 день около 15 человек, когда я ждать звонок только от один?
0; как находить человек в вк, если знать только имя возраст и место жительство москва?
0; единственный минус мой ночевка у она - отсутствие интернет
0; самый ужасный состояние, это когда ты еле-еле сдерживать слеза,но при это вынужденный улыбаться
0; ждать свой спортсмен с тренеровка! я дико дико скучно!
0; а почему я только один человек фоловить?
0; хотеть в квн, иногда вспоминать как выступать как выручать друг друг и охото плакать
0; другой дело если человек не хотеть знать история, тут уже не помогать..
0; дружеский ревность, пожалуй, страшно любой другой
0; ну зачем, зачем она я это рассказывать
0; я обожать рисовать ночь, ну почему универ не открывать ночь, я бы приходить и дописывать живопись
0; плохой травма левый нога для я мочь быть только отражение мяч этот часть нога
0; раздражать, что ты с мы общаться плохо, чем с она
0; эх. ненавидеть горячий пища. теперь ждать пока остынуть
0; на сайт мой универ быть все, кроме расписание!
0; эх, кузьма, вот так вляпываться и на весь жизнь
0; интересно, сколько уже чашка кофе я выжирать за сегодняшний день?
0; он он толкнуть. ну, а он ведь мужик. и короткий тут понестись
0; дождь в самый неподходящий момент пойти, когда мы выходить из ресторан
0; мой авторитет среди одногруппник на ноль
0; обнаруживать свой дембельский шапочка, шенелечка и ремешочек, сапожечка, формочка и белушечка похоже выкидывать
0; настя не давать я сфотографироваться с воробьев и малахов
0; мы без мама плохо, мы без мама скучно
0; хотеть чтоб я любить. но я не заслуживать это
0; хотеть выходить погулять, но все говорить что холодно
0; черт дернуть с семь до девять спать
0; это надо же быть, во вчерашний приступ ночной голод, сжирать все что быть на завтрак. оставаться только чай
0; хотеть все увидеть, сколько проходить то уже время
0; что за хардкор?! время - четвертый час утро... не спать уже второй день подряд
0; вместо молоко добавлять в кофе немного бейлиз, потому что не мочь пить черный кофе, а иначе заснуть
0; я на неделя тупо забивать на учеба
0; я поверять не мочь, что мой знакомый мочь так поступать
0; но потом я встречать андрей и сердце замирать и ходить улыбаться весь день
0; сидеть себя спокойно за ноут.. бац, 4 час утро, а через 2 вставать..
0; я даже рад, что все именно так
0; надо теперь понимать, как сюда запихивать скайп...
0; думать я этот зараза пройти сторона, но увы
0; мой вес недостаточно, чтобы нормально улечься в кресло
0; все с первый пятница этот осень
0; обидно когда добавлять тот фотка где ты ужасно получаться
0; ну вот последний день производственный практика, эх с понедельник снова на учебуу
0; ехать на конец город в какой то необычный маршрутка, ибо время так мало, что приходиться и на такой соглашаться
0; я наказывать, за что, молчать, иначе позорно
0; и что я попереться на два час рано, чем надо быть, я очень больно от то, что я обижать свой
0; а ты я сегодня сниться
0; нос закладывать горло болеть как жить как жить
0; а еще сестра сказать что я помешать на этот китайский мультик
0; как ваш настроение? как вы спать? сегодня опять быть пасмурно
0; никогда не понимать баба и не понимать
0; вот кто не хотеть бы встречать в выходной день
0; почему гениальный идея приходить так редко и при это оказываться баян?
0; когда у каждый сосед по снегоход - это уже проблема
0; вот блин опять аниме на самый интересно место заканчиваться
0; все-таки быть человек, кто пить нельзя - они тянуть на приключение
0; о нееет! мой младший братик делать я прическа, даже не знать, что получаться
0; сегодня день настолько загружать
0; накупать себя гадость, а они даже не лезть   лететь свой горло
0; стс бездарь, запарывать такой сериал как я встречать ваш мама, слово не хватать
0; и вот еще один выходной мы не увидеться
0; ммм...какой красота....а я еще даже первый снег и не видеть
0; робот sally уметь делать тысяча салат
0; я нужный офигенный друг, но весь мой офигенный друг куда-то разбегаться
0; сидеть и ждать у море погода, прямой как ассоль, жалко и обидно
0; утро редко бывать добрый, особенно, когда ты нужно на работа
0; я сегодня не высыпаться, я мало мало мало один день
0; вы держать человек в постоянный страх
0; извращаться с пристегивать рюкзак все же приходиться
0; разгрузочный день зачащаться, а все потому, что кто-то не мочь обходиться без сладенький
0; воскресение у я начинаться в 04:30 с таблетка...
0; блин, почему у я не быть такой торт на 21летие
0; прощать, план на следующий неделя
0; как хотеться опять в тот беззаботный детство
0; не такой ты уж и хороший оказываться, как я думать...
0; на улица такой крутой погода, настроение нету, и даже не знать идти гулять или нет
0; яндексовский поиск по блог предлагать я для начинать поискать «волшебный кролик»
0; а самый обидный, это то что я вы больше никогда не увидеть
0; давать, задавать вопрос?! а то скучно
0; этот чувство, когда с самый утро сбываться твой сон
0; после апдейт куда-то пропадать елка из ангар
0; на завтра еще не подготавливаться к пара
0; за 20 мина до конец рабочий день лень обуять мой мозг
0; щас фильм досматривать и пойти пыль вытирать
0; посмотреть, что ты показывать сегодня во сон
0; я так не хотеть в москва, а надо
0; так красивоо, а я дома сидеть
0; на улица пусто! ни человек, ни машина, наверно холод бояться
0; у я для ты быть великолепный номер
0; ванна хороший штука жаль ееночь без сон и ничто не знать сложно делать
0; даже такой псих полюбить
0; всегда мечтать она становиться
0; хотеться уже каникулы по-быстро,а потом я вспоминать про сессия и оценка
0; мы хотеть, чтобы димка поехать с мы, а он на дача
0; я бояться, я так и не уметь норма кататься на немой
0; я, кстати, лето ни раз на вальс не прокатиться
0; я конек сломать в проходить год,только в след починять
0; а теперь спать, но я не хотеть слышать от ты весь это, это правда слишком
0; нет, но я орать, что заболеть менингит
0; а еще с каждый день я все много пугать, что я взрослеть
0; я казаться я и в тлт не находить себя сапог
0; обжираться мандарин, хоть бы не обсыпать
0; ребята, помогать, +1 под фото,пожалуйста, а то сестра не отставать
0; блин, когда выходить я с онлайн то ты заходить в онлайн, а когда я заходить в онлайн то ты выходить
0; мой утро начинаться с ужасный новость
0; тоша сказать что бы я ходить в вязать варежка потому что они теплый, но они огромный и я не хотеть
0; ааее, наконец-то дописывать сочинение, теперь он нужно переписывать, а я лееень, там так много
0; пить третий день подряд не просыхать - это уже перебор
0; как жаль, что каждый терпение приходить конец, я сегодня срываться на хороший подруга, и потерять она
0; разве только противник сам подарить мы он, что, похожий, и происходить
0; с этот учеба даже аниме нормально посмотреть нельзя
0; кто они так укол учить ставить? аж нога отниматься
0; друг-фотограф и не только фотограф! помогать!
0; странно у я нет пункт активация по телефон ток через инет
0; практически весь день быть один дома... и чем же я заниматься
0; ночь без сон и ничто не знать
0; ненавидеть обещать и не делать
0; к сожаление только на выставка сходить, там они находить
0; я сутки уже не есть, что со я
0; новый год онлайн похоже срываться
0; обещать инструкция по смс не получать, спам про мерседес продолжать приходить
0; воображение почему-то рисовать булочка, такой как быть в школьный столовый: свежий с блестящий корочка
0; я не выходить сегодня из дом. у я уборка квартира
0; ну почемууу по воскресение я всегда себя плохо чувствовать
0; пересаживаться, блин, за комп, сверхъестественный не грузить
0; кидаловый! сказать через пол час скидывать, а сам выходить с нэт
0; каждый суббота и воскресение ходить на занятие по c и ничто не понимать
0; иван, быть у вы просить прощение, пока не прощать!
0; но не судьба. у она два пара до 13:15 а у я три до 14:55
0; блин так гулять хотеться родитель не пускать
0; не, не быть восстанавливать карточка. я обижаться и пойти зарегистрировать новый
0; много все я на линукс не хватать 3-х вещь: фотошоп, айтюнс и лингво...
0; ничерт в итог не пойти я никуда
0; я терзать смутный сомнение, по повод новый ава вк
0; даже с больной голова я понимать что твой поведение похожий на шлюха
0; теперь быть сидеть весь воскресение дом. и никакой улица!
0; о божеееее как давно я не есть молочный шоколад
0; хотеть вернуть время назад..
0; так больно когда кто-то предавать
0; у я только что утоп телефон
0; химки без вода, а родитель и начальство они по 3е сутки на работа
0; быть примерно неделя не на связь
0; заканчивать инструкция пользователь для последний проектика
0; нерв сдавать.. кругом сплошной предательство
0; только что мимо проехать газель с номер, оформлять шрифт orbit
0; что-то вообще день не задаваться
0; быть только один проблема, на конек кататься не уметь
0; почему все видеть, а я видеть квадратик
0; никто не нравиться мой оформление все ясный
0; очень волнительный за то, что сейчас происходить
0; больше никогда не быть заказывать в инет ничо, весь нерв выматывать
0; какой нафиг завтра изменение в расписание
0; сразу не мочь сказать что я нужно выходить, для то чтобы в магазин поехать
0; надеяться этот новый год я справлять очень счастливо
0; у я какой то фигня с твиттер. не мочь нормально загружать фон
0; расстраиваться.. ничто толковый не купить
0; а в таиланд полиция снимать защитный амуниция и садиться рядом с протестовать
0; посмотреть, у она быть два бэшка, на один 33, на другой 30
0; исчезать бы на пара день. чтобы просто понимать, кто я нужный
0; о, этот момент, когда ты только что находить офигительный рецепт тортик
0; вот он, настоящий победитель по жизнь в детство быть красавчик и сейчас красавчик
0; как же быть классно отдыхать, ничто не делать
0; блин, я не мочь в такой время, занятый чуть-чуть
0; писать сочинение и разреветься на момент смерть базаров - это я, да
0; у я каждый воскресение ужасно болеть голова
0; сегодня разбирать свой комната... мама сказать все лишний выбрасывать...
0; я не видеть ни один голос за она
0; человек который отправлять смайл с айфон который мой тупой андроид не видеть
0; это жесть. с интернет беда полный
0; снег над голова, так хорошо, жалко что ты не рядом
0; евпати-коловращать я ненавидеть ты и в тот же время любить
0; уииии! я купить клубника! про оливье и икра забывать
0; хотеть дочка но еще рано
0; на 13 тысяча всякий ерунда напокупать
0; сейчас прийти мама из магазин, и быть заставлять я делать урок
0; как же не хотеться учить текст по английский
0; я слишком не последовательный, чтобы говорить, что я все равный
0; никто не нравиться мой кумир, ни-ко-му
0; почему красавчик всегда играть плохой парень
0; праздник, а у я горло полыхать
0; из-за чертовый глюк пропускать все самый интересный жизнь несправедливый
0; он что уже быть в инетика? главное чтоб папа не узнавать и не заставлять включать он
0; настроение испортиться
0; попытка устанавливать VLC оказываться провальный
0; я скучно..... и одиноко!!
0; кинуть они фотка с детство, а они не узнавать
0; я вот интересно. почему у женщина мозг устраивать вроде также, как у мужчина,  а работаег ваащ по другой
0; любить и одновременно ненавидеть ты, зима
0; блин фотка до сей пора не скидывать с тот суббота
0; завтра рано вставать на дежурство
0; вляпываться рука в замазка
0; ну почемуууу твиттер так сжимать этот прекрасный фотография
0; сегодня быть ужасный день
0; блин настя правый быть
0; официальный день рождение подходить к конец, а самый главный поздравлялка еще в путь
0; топать спать, завтра рано на учеба вставать
0; в то то и дело, что тепло
0; двухминутный видео — до то дотягивать, что вэбка сломаться
0; я бросать..так обидно.. я быть скучать,сильно
0; и снова в клиника тимоша совсем плохо становиться
0; всегда так, только входить во вкус, и они заканчиваться
0; смешно ты? грубить - это я всякий казанцев
0; блин, похоже скоро вылечивать
0; решать устраивать свой организм здоровый бранч
0; пытаться восстанавливать данный. много никак
0; нуу блин теперь так не сделать
0; ахи, я пытаться пересматривать но на 3 сезон как-то застревать и все
0; помогать переживать завтра, давать я терпение и выдержка не посылать никто
0; ну же давать быстро
0; а вы бы они не будоражить
0; попытаться догнать парень с юлена шапка и шлепнуться
0; где весь нормальный статус?
0; ну вот все печально. не получаться вернуть мой тви никакой сила 
0; опять болеть кожа
0; пятигорский у мы проводить каждый год лекция в рэш
0; гарри, гарри...это уже закономерность...
0; замечать, что когда я начинать нравиться какой-то певец, актер ил же просто парень у тот появляться девушка, и это не я
0; как же я хотеть, чтоб мы быть снова вместе
0; сегодня понимать что совсем одинокий в этот жизнь
0; не радовать погода я
0; мой давно в негодность приходить, а то бы отдавать, не жалко
0; завтра понедельник блин
0; рано они квартира давать
0; нормальный поколение вымирать
0; ахах, а ты я и не видеть
0; так и хотеться иногда сказать
0; говорить правильно, но от правда как-то не легко
0; после фест спать быть, как убитый. а потом экзамен сдавать
0; завтра опять про ларек придтись слушать
0; я так хотеться уже дом украшать, чтобы везде висеть гирлянда, елочка стоять
0; пышка лежать на стол и давить на я
0; фух неужели я приезжать, бешанный водитель
0; записка натуралист, чесслово, какой-то, а не художок
0; ахах, дааа, ну бывать, а что, вдруг и правда маньяк быть
0; просто подавлять. переключатель настроение снова исправный
0; господи помогать я быть терпеливый к некоторый человек
0; он так и не узнавать почему я тогда начинать чудить
0; весь ленин до один надо сносить к чертов мать
0; завтра конкурс, а я так ничто и не выучивать
0; масло дааа...... отдавать маргарин.... вообще нормальный масло фиг находить
0; крепко же ты толстуха прикладывать
0; в школа давать пробный гиа, посмотреть ничто не понимать
0; я хотеть любимый работа в будущее, вот и все
0; сегодня не мочь заснуть. я преследовать один мысль
0; ну и новость капец
0; может ты думать, мы друг, но для я ты, что-то больше
0; почти весь день называть свой кот анжелка
0; надеяться, вы не становиться редко общаться из-за то, что учиться в разный место
0; еще один такой позор я не переживать
0; родитель завтра выходной, а я - неудачница
0; я усталааааа очень. но исп никто не отменять
0; если вспоминать утро суббота и эстафета олимпийский огонь, я вспомнить только холод из весь ощущение
0; ахи, а у я до сей пора задэ оттаивать не мочь
0; и на фиг я сюда каждый 5 минута заходить, не понимать
0; на площадь снести ленин
0; настроение на ноль
0; на такой случай у я быть алмагель
0; доставать скидывать вы я свой усра доставать быть староста! препод! вы задолбать все на староста вешать!
0; жизнь-боль, когда болеть каждый два неделя
0; не любить зима...а до мой любимый второй половина лето еще ппц как далеко
0; почему вы симпатизировать левый взгляд
0; у мы скукотище сейчас
0; 100 раз помогать - забывать. 1 раз отказывать - запоминать
0; завтра понедельник ..
0; на дно это полный фигня, я вот разгром читать
0; оставаться бы завтра дома и поплакать бы целый день в подушка
0; ни раз в дота не играть, зато почти весь друг играть
0; я проехать только половина дорога, а у я уже садиться телефон
0; знание сила! звучать красиво, но йа часто чувствовать бессилие
0; я в последний момент не пускать на сходка
0; не хотеть спать????? аа ты же день спать
0; опять температура подниматься... завтра в больница пойти
0; кто-то тут явно лишний
0; кароче я лень что-либо писать в твиттер
0; вот у еще один подруга появляться парень
0; сегодня я понимать, что пропускать фотовыставка майкл кенный
0; не любить воскресение, сидеть дома и объедаться
0; очень бездарно проводить выходной
0; папа запрещать я хотеть жувачка, потому что у я быть аллергия
0; спасать кто-нибудь. не хотеть по английский оценка портить
0; хотеть поменять свой ник, но не знать на какой
0; хотеть как лето : обнимашка со весь,целовашка, развлекашка на каруселек
0; сложный неделя предстоять
0; одновременно смешно и грустно переписываться с иностранец, который не понимать ни мой английский, ни мой русский
0; что же большинство наш продюсер такой темпо-не слышать
0; не из-за ничей, а из-за упускать преимущество и такой несостоявшийся гол
0; приезжать у я никак не получаться
0; оля сделать крутой локон, но они распадаться, когда я идти домой
0; проводить с утро 2 час в путь - не самый хороший перспектива
0; тупой банка с вкусняшка, который наверное даже тор не открывать
0; птица без крыло разве птица
0; лента я не замечать, все я на вы обидку кинуть
0; страшный все безответный любовь к ты
0; вот так всегда — когда куча идея на выходной, то обязательно вызывать на работа
0; наверное, это показатель, когда человек уходить из мой комната, говорить что на минута и не возвращаться
0; не мочь сменить тема, херня какой-то вообще происходить
0; в мой спальня сгорать компактный люминесцентный лампа, который работать более, чем 2 год
0; опять снег, много снег
0; в ожидание последний серия
0; загуглить сфой фио и узнавать, что я  находиться в федеральный розыск как должник
0; в следующий раз надо быть осторожный
0; духоподъемный атмосфера майдан никак не вязаться с такой вот вандализм
0; нет два день, а я уже погибать без она
0; подруга называть психопатка. знакомый предлагать зачем-то сдавать кровь
0; и понимать, что тут не вспоминать нужно, а садиться и все заново учить. начинать с алфавит прямо
0; ты думать, что я сумасшедший но этот опасение ложный просто я сложный
0; по какой критерий выбирать шапка, если ты ваща никакой не идти
0; вы все на 9 завтра,а у мы этот дурацкий обязательный классный час
0; сколько же работа я ждать
0; не любить, когда из-за проблема в мой жизнь расстраиваться родитель
0; сколько раз твердить мир - сначала откопать номер, потом остальной машина
0; завтра опять на учеба выходной проходить замечательно, спасибо за это алиныч
0; я уже и забывать как это нормально ходить
0; помнить держаться брат как бы судьба не долбить
0; время не вернуть назад не отматывать год
0; я так хотеть быть хоть раз хороший, но опять оказываться плохой
0; мы нужный пицца заказ там колбаска чтобы быть и быть поливать кетчуп, сыр и все, и все все хватить
0; на день замечать, что человек, выходить из общественный туалет, такииие счастливый!
0; страшно не то, что вы обманывать или обкрадывать, страшно, что вы постоянно помнить об это
0; идти по улица, находить куча деньги. судорожно распихать весь пачка по карман. просыпаться. все одеяло в трусы заправлять
0; я иногда так чертовски не хватать человек, который когда-то быть в мой жизнь
0; жалко терять человек, с который быть что вспомнить
0; влюбленный много, счастливый мало
0; когда ты чувствовать, что ты человек не нужный, зачем ты уговаривать себя чувствовать другой?
0; пройти время, и жизнь показывать, что все быть только к хороший
0; беречь отношение, чтобы потом не приходиться беречь воспоминание
0; морозный утро на москва-река. желать сегодня много тепло!
0; все, что ни происходить, всегда так, как нужно, и только к хороший
0; что за футбол галимый по евроспорт идти
0; зря вы, кузьменко елизавета александровна, не захотеть бегать сегодня
0; еще три день и опять четыре день выходной!
0; очень скучно... спать неохота
0;" ""я скачать программа под название """"шагомер"""" я очень она затягивать"""
0; погода странный то солнце то ветер
0; идти гулять на улица
0; и на свадьба я не пойти ничья
0; мой первый твит
; упасть с лестница. снова. только это не хватать для полный счастие!
; ну теперь с такой поддержка навальный точно побеждать путин
; действительно. что вы возмущаться
; ложиться спать в 4 утро? - любить, уметь, практиковать
; обожать урфа за своевременный инф всегда и обо все
; грамотный, однако, я быть в 11 класс
; с первый день весна, ага
; оставаться только новый стадион достраивать и сдавать в аренда
; сломаться камера смартфон! и значит инстаграм не увидеть мой великолепный фотография!
; а вообще классно, когда в воевать государство происходить такой вещь
; как прекрасный ж/д вокзал в 8 утро
; только сегодня, когда ко я залетать комар-долгоножка, я понимать, что, мать он, наступать лето! не проходить и 18 день июнь!!
; не давать бог быть журналист
; ого какой новость! а я и не знать этот факт
;" с утро ""любовь"" к работа особенный"
; завтра нужно ехать за копия флюра... да за свет платить... просто насыщенный день быть
; я так любить прямой тот кто анфоловиться
; просыпать до 22, когда экзамен завтра в 9, а ты ничто не выучивать это во прямой замечательно
; натягивать в первый ватман на планшет итог: катышек и порывать край - да я мастер!
; я водитель от бог. и право не нужный
; в общий я самый удачливый человек в мир
; хороший ночка, ничто не сказать
; ух какой классный дождь на улица
; ура-ура, наступать пора нелепый свитер, здорово-то как
; стоять за посылка в очередь на почта россия 25-ый по счет. здорово, любить терять время!
; счастие-то какой, 24-25ое — это рабочий день
; что мочь быть хороший, чем опухать лицо утро перед работа?
; сбегать- гениальный решение
; ммм, как классно уезжать с радуга в 9 вечер. столько транспорт идти
; очередь длинный 10-15 человек? ммм, обожать
; мы любить путин !!! а потом валить в сша
; любить когда я игнорать
; ой да неужели мы опять засаживаться за крафт
; мы честный журналист, мы за свобода слово, не называть крым российский - это идти против наш принцип честность, бла-бла-бла
; лето выходить утро с чистый обувь и волос, а вечер приходить весь грязный, мдаа якутск ты я никогда не разочаровывать
;" я так везти на ""мужик"""
; о да, первый канал, ну просто обязательно надо быть упоминать юлия самойлов, и что киев она не пускать на евровидение. браво
; как иронично, яблофон 7 в карман и мелочевка за проезд в трамвай
; я про тви совсем позабывать со весь этот фест и внезапно (о да конечно) сваливаться учеба
; спасибо электрик, за неожиданный отключение свет, ноутбук уже час в себя приходить не мочь
; слишком любить неопределенность
; обожать стоять на остановка рано утро, особенно когда дождливо
; до сей пора не ясно, где кто быть работать. хороший компания, шикарный перспектива
; скорость ответ поддержка поражать свой молниеносность!
; кабель пролагать, качество укладка на 5!
; тот позитивный чувство, когда только вчера создавать свой сайт, а сегодня он уже пытаться взламывать
; не правильный я выбирать мужик. не любить фоткаться
; а погода такой, потому что перун переставать поклоняться
; разумеется, стоить помыть окно - пойти дождь
; гость за стол сказать, что свадьба в 25 год - это поздний брак. то быть если я планировать выходить замуж эдак к 30, я старуха уже?
;" ""гоша вчера """"обрадовать"""", на работа я ехать один завтра"""
; прекрасный йогуртовый день. даже поесть некогда
; спать 4 час, уснуть в 10, просыпаться в 14:00, успех
; чтобы забирать машина нужный, конечно, самый холоднющщий день
;" ""я сдавать """"гиа"""". а все почему? да потому что я - победитель по жизнь """
; хотеть в крым! должный быть поехать с любимый! поехать в село! круто
; я предстоять веселый поездка в один автобус с пьяный компания
; добрый утро. супер мега бизнес центр на профессор попов, д. 37 оставаться без связь
; жизнь-тлен, когда понимать, что телефон не заряжаться весь ночь
; заболевать. только это не хватать
; если не умирать от холод на улица, то приходиться умирать в транспорт от жара и отсутствие воздух вообще! классный утро
;" ""в 34 вырезать джинсы. """"обожать"""" ездить в такой биток"""
; отлично, не погулять завтра с подруга
; начинаться уже
;" ""у мы же в четверг уже учебный практика!!!! опять """"скажем """"нет"""" отдых"""""""
; спасибо н.в. за оценка. попортить я дневник и оценка за четверть
; думать спать ложиться. ага, конечно, ложиться
; о господи, я ненавидеть скорин, пойти поесть что ли
; жизнь боль, когда на плеер зарядка ноль
; у кто зачетный неделя заканчиваться, пока он в сочи, тот я
; хватить ж ум на удалять комп запускать торрент-качалка. все, до он не достучаться
; безысходность - когда умирать твой любимый... айфон, со весь память и фото
; здравствовать, бессонный зимний ночка
; привет снег, привет зимний депрессия, привет сессия
; когда-нибудь я похудеть, но это уже совсем другой история
; в деревня безудержный веселие особенно когда телек показывать только 2 канал
; еще и в тралик ехать час. а потом с малиновка до уручья столько же. победитель по жизнь
; хватить ж ум представлять нью песня до выход альбом
; благодаря кто-то из родитель я спать аж целый 1,5 час
; мда я конечно мастер благодарить человек
; второй вечер беспомощность из-за гроза. конечно, сдавать я курсач вовремя, ага
; не пить она. ага, конечно, мы прямой так сразу и поверять
; о да я ничто по сравнение с ты
; воу воу воу за неделя аж целый два подписчик
; у ты катя такой щечка клевенький ахах
; возвращаться я скучать
; ммм здравствовать, засушливый лето, без дождь и с 30° жара...
; да, ко я сегодня систер прийти (ага, то я к она, то она ко я), у она спрашивать
; как же я любить говорить неприятный правда в лицо. и ведь ничто не сказать в ответ
; только ты сейчас не хватать
; оставаться только все сдавать сессия и собираться в самара
; а когда геремеев быть передавать московский оперативник?
; не давать бог написать, я опять он посылать
; до что путин доводить крым, по улица коза бегать
;" лицезреть 5 серия ""мажор"", по совет не один человек, ужасно скучный сериал"
; бояться отношение и считать они крайне запарный дело с треплый нерв но иногда прямой хотеться весь это
; быть же тот у который и по восемь тысяча читатель и они каждый отвечать я такой прямой уважать
; обзванивать уже фигов туча вакансия и везде разводиловка, уже прямой потерять энтузиазм
; вообще нет ничто, что человек бы не опошлять свой присутствие
; когда после первый пара субботник, а ты свалить, т.к. дажэ дома не убираться
; ассортимент сувенирный продукция с изображение андрей окладников продолжать пополняться
; тип входить в ранее невиданный учебный этап
; ух какой цвет! жаль, себя не хотеть фиолетовый
;" арена ""лужники"" быть вводить в эксплуатация до конец апрель 2017 год"
; писаться курсач большоооой, писаться курсач мааааленький, писаться уже какой-нибудь
; отписываться от весь удивительный либеральный зомборей, тошно
; ночь, стрим мэд, ретарда в чат, что мочь быть хороший
; новость: гениальный решение от ikea в раз упрощать процесс готовка блюдо
; тот самый случай, когда отмазываться дело, а сам лежать на диванчик и целый день смотреть анимех
; завтра на учеба, а я с постель не вставать последний 8 день
; митинг против трамп быть куда масштабный и никто не крутить
; вы мочь одеваться, как вы заблагорассудиться, и это не должно нивелировать ваш привлекательность или уверенность в себя
; заводить бы скр дело за коррупция против медведев, не быть бы этот митинг
; много молодежь - это значить, что это война настоящий с прошлое за свой будущее
; впервые на мероприятие доктор, с доктор
; не быть заходить на кухня потому что папа не убирать за себя
; не понимать человек, который говорить время закрытие заведение, и в итог они сидеть уже после закрытие
; что за фетишизм в западный культура со столп энергия в небо?
; я срочно нужный программист, разбираться в с#
; быть очень миленький новость, но открывать вы она рано время не мочь
; самый главное  в жизнь - это тот человек, который радовать ты лишь то, что он быть в твой жизнь
; сливать ли кто навальный о то, что из его фбк изымать техника?
; тот самый ощущение, когда с каждый день у ты все много идея, но ты останавливать вероятность присвоение
; пора уже запоминать я раз и навсегда, что никогда не быть ничто так, как я хотеть
; пить теплый чаек, смотреть фильм и просто общаться с она
; хоть бы это быть не последний раз, когда я вставать на лыжа
; а я вот щас подумать - ведь медведев быть президент россия! неужели он тогда уже начинать воровать?
; бывать попадать в неправильный место, в ненужный время и потом жалеть, что выходить из комната
; по мой, за такой надо убивать на место
; когда решать на сколько поставлять будильник чтобы не опаздывать
; человек и вправду объединять сигаретный дым
; до я только сейчас допереть, что завтра в школа
; все любить сарказм и сарказмировать, мой умение хватать только на передразнивание
; сегодня анти-правительственный протест в рф и беларусь
; аппарат понравиться, но свой деньги точно не стоить
; в свердловский область мчс предупреждать уралец о штормовой ветер
; эрдоган называть причина, по который турция не принимать в евросоюз
; как вы делать смайлик?
; не осуждать надо, а вводить санкция против все кто причастный к разгон митинговать 
; счастие — это нескончаемый, пусть не всегда гладкий, дорожный полотно под колесо
; житель воронеж задерживать за попытка давать взятка в нетрезвый состояние
; ну, если короче, то я он не нужный и я уходить в депрессия
; судьба - штука хитрый, над она все равный нужно работать, планировать
; давать представлять, что мы собираться сделать реформа образование, например, по образец финляндия или япония
; самоанализ приводить только к тупик
; братан сорокет жать
;" тот чувство, когда с оценка полный трэш, а ты такой: ""пфф, да лаадно, как-нибудь сам исправляться"""
; тусера в 6:00 ехать с тус, а ты ехать с вокзал
; в тольятти на прогулка задерживать несколько человек, один порывать куртка
; аргументация садовый, на тема досрочный выборы президент и вр, далеко не глупый
; сегодня участник интересно
; я тут галерея видеоколлаж склепывать из фоточек, поэтому вот вы немного весна в лента
; у вы тоже быть сервис, в который вы зарегистрироваться фиг знать когда, но пользоваться начинать только недавно?
; какой счастие, можно нормально смотреть на жизнь теперь
; на прошлый тренировка сильно ударять левый нога, теперь там синяк в вид сомбреро
; в голливуд вечный треугольник состоять из актер, его жена и его сам
; ну собеседование оставаться, но это фигня
; сейчас 22:35 и я решать обязательно сделать себя тату и пирсинг!
; по новость говорить, что мы сильно все и богато весь
; как будто сегодня в россия ничто не происходить
; ненавидеть одиночество — оно заставлять я тосковать о толпа
; пить с возрастной парикмахер
; очень быстро меняться настроение
; я оптимист и на вы все недовольный я плевать
; похоже таскать папка по нир и прочее приходиться завтра
; что делать, когда закладывать нос, а твой единственный действенный капля оставаться дома?
; у нынешний власть нет понимание, что с это вообще делать
; дерьмовый погода, как раз для такой паршивый день
; один большой расстройство, а не день
; три час просто в никуда, бесить, худграф
; хотя хз на сколько я хватить
;" мама говорить, что даже не знать, кто такой этот ""могучий рейнджер"""
; потом осознавать, что они не вернуться, по миллион причина, как бы мы это не хотеть и как бы они не обещать
; скучать безууумный
